run_id,replicate_id,truth_id,kind,cause,site_id,target,stage,intensity,onset_utc,end_utc,onset_step,end_step,expected_observable,notes
doe-006,0,evt-wan-a1-down:site_a,injected,link_failure,site_a,site_a,wan_down,step,2026-09-03T09:02:00Z,2026-09-03T09:03:30Z,120,210,"active_wan_id,failover_active,throughput_mbps",params={'link_id': 'A-WAN-1'}
doe-006,0,evt-vpn-degrade:site_a,injected,tunnel_degradation,site_a,site_a,vpn_degrade,linear,2026-09-03T09:04:00Z,2026-09-03T09:05:30Z,240,330,"vpn_latency_ms,vpn_loss_pct","params={'latency_add_ms': 55, 'loss_add_pct': 2.5, 'rekey': False}"
doe-006,0,evt-vpn-degrade:site_b,injected,tunnel_degradation,site_b,site_b,vpn_degrade,linear,2026-09-03T09:04:00Z,2026-09-03T09:05:30Z,240,330,"vpn_latency_ms,vpn_loss_pct","params={'latency_add_ms': 55, 'loss_add_pct': 2.5, 'rekey': False}"
doe-006,0,evt-recon:site_b,injected,synthetic_recon,site_b,site_b,recon_burst,step,2026-09-03T09:06:00Z,2026-09-03T09:07:00Z,360,420,scan_rate_pps,"params={'scan_rate_pps': 24, 'unique_ports': 180}"
doe-006,0,evt-lateral:site_b,injected,synthetic_lateral,site_b,site_b,lateral_sequence,step,2026-09-03T09:06:45Z,2026-09-03T09:07:50Z,405,470,lateral_events,"params={'events_per_step': 1, 'hops': 4}"
doe-006,0,evt-auth-burst:site_a,injected,synthetic_auth_failures,site_a,site_a,wifi_auth_burst,step,2026-09-03T09:07:40Z,2026-09-03T09:08:40Z,460,520,auth_failures,"params={'add_failures_per_step': 22, 'ap_fraction': 0.25}"
doe-006,0,evt-c2:site_b,injected,synthetic_c2,site_b,site_b,low_rate_c2,step,2026-09-03T09:08:20Z,2026-09-03T09:11:20Z,500,680,c2_beacons,"params={'period_s': 30, 'bytes_per_beacon': 512}"
doe-006,0,evt-mains-loss:site_a,injected,mains_failure,site_a,site_a,mains_loss,step,2026-09-03T09:09:30Z,2026-09-03T09:13:00Z,570,780,"power_state_end,soc_pct,ats_transitions",params={}
doe-006,0,evt-cell-imbalance:site_a,injected,cell_deviation,site_a,site_a,cell_imbalance,step,2026-09-03T09:10:20Z,2026-09-03T09:12:40Z,620,760,cell_imbalance_mv,"params={'cell_index': 6, 'delta_mv': 85}"
doe-006,0,evt-telemetry-gap:site_a,injected,transport_loss,site_a,site_a,telemetry_loss,step,2026-09-03T09:11:40Z,2026-09-03T09:12:15Z,700,735,telemetry_gap_marker,params={'mode': 'gap'}
doe-006,0,evt-drift:site_a,injected,distribution_shift,site_a,site_a,model_drift,step,2026-09-03T09:13:00Z,2026-09-03T09:15:00Z,780,900,"mean_rssi_dbm,offered_load_mbps","params={'load_factor': 1.35, 'rssi_shift_db': -5}"
doe-006,0,evt-drift:site_b,injected,distribution_shift,site_b,site_b,model_drift,step,2026-09-03T09:13:00Z,2026-09-03T09:15:00Z,780,900,"mean_rssi_dbm,offered_load_mbps","params={'load_factor': 1.35, 'rssi_shift_db': -5}"
doe-006,0,transition:active_wan:site_a:122,transition,active_wan:site_a,site_a,active_wan:site_a,A-WAN-1->A-WAN-2,,2026-09-03T09:02:02Z,2026-09-03T09:02:03Z,122,123,active_wan:site_a,
doe-006,0,transition:vpn_state:site_a:122,transition,vpn_state:site_a,site_a,vpn_state:site_a,UP->DOWN,,2026-09-03T09:02:02Z,2026-09-03T09:02:03Z,122,123,vpn_state:site_a,
doe-006,0,transition:vpn_state:site_b:122,transition,vpn_state:site_b,site_b,vpn_state:site_b,UP->DOWN,,2026-09-03T09:02:02Z,2026-09-03T09:02:03Z,122,123,vpn_state:site_b,
doe-006,0,transition:vpn_state:site_a:128,transition,vpn_state:site_a,site_a,vpn_state:site_a,DOWN->RECONNECTING,,2026-09-03T09:02:08Z,2026-09-03T09:02:09Z,128,129,vpn_state:site_a,
doe-006,0,transition:vpn_state:site_b:128,transition,vpn_state:site_b,site_b,vpn_state:site_b,DOWN->RECONNECTING,,2026-09-03T09:02:08Z,2026-09-03T09:02:09Z,128,129,vpn_state:site_b,
doe-006,0,transition:vpn_state:site_a:129,transition,vpn_state:site_a,site_a,vpn_state:site_a,RECONNECTING->UP,,2026-09-03T09:02:09Z,2026-09-03T09:02:10Z,129,130,vpn_state:site_a,
doe-006,0,transition:vpn_state:site_b:129,transition,vpn_state:site_b,site_b,vpn_state:site_b,RECONNECTING->UP,,2026-09-03T09:02:09Z,2026-09-03T09:02:10Z,129,130,vpn_state:site_b,
doe-006,0,transition:active_wan:site_a:225,transition,active_wan:site_a,site_a,active_wan:site_a,A-WAN-2->A-WAN-1,,2026-09-03T09:03:45Z,2026-09-03T09:03:46Z,225,226,active_wan:site_a,
doe-006,0,transition:vpn_state:site_a:225,transition,vpn_state:site_a,site_a,vpn_state:site_a,UP->DOWN,,2026-09-03T09:03:45Z,2026-09-03T09:03:46Z,225,226,vpn_state:site_a,
doe-006,0,transition:vpn_state:site_b:225,transition,vpn_state:site_b,site_b,vpn_state:site_b,UP->DOWN,,2026-09-03T09:03:45Z,2026-09-03T09:03:46Z,225,226,vpn_state:site_b,
doe-006,0,transition:vpn_state:site_a:231,transition,vpn_state:site_a,site_a,vpn_state:site_a,DOWN->RECONNECTING,,2026-09-03T09:03:51Z,2026-09-03T09:03:52Z,231,232,vpn_state:site_a,
doe-006,0,transition:vpn_state:site_b:231,transition,vpn_state:site_b,site_b,vpn_state:site_b,DOWN->RECONNECTING,,2026-09-03T09:03:51Z,2026-09-03T09:03:52Z,231,232,vpn_state:site_b,
doe-006,0,transition:vpn_state:site_a:232,transition,vpn_state:site_a,site_a,vpn_state:site_a,RECONNECTING->UP,,2026-09-03T09:03:52Z,2026-09-03T09:03:53Z,232,233,vpn_state:site_a,
doe-006,0,transition:vpn_state:site_b:232,transition,vpn_state:site_b,site_b,vpn_state:site_b,RECONNECTING->UP,,2026-09-03T09:03:52Z,2026-09-03T09:03:53Z,232,233,vpn_state:site_b,
doe-006,0,transition:vpn_state:site_a:241,transition,vpn_state:site_a,site_a,vpn_state:site_a,UP->DEGRADED,,2026-09-03T09:04:01Z,2026-09-03T09:04:02Z,241,242,vpn_state:site_a,
doe-006,0,transition:vpn_state:site_b:241,transition,vpn_state:site_b,site_b,vpn_state:site_b,UP->DEGRADED,,2026-09-03T09:04:01Z,2026-09-03T09:04:02Z,241,242,vpn_state:site_b,
doe-006,0,transition:vpn_state:site_a:330,transition,vpn_state:site_a,site_a,vpn_state:site_a,DEGRADED->UP,,2026-09-03T09:05:30Z,2026-09-03T09:05:31Z,330,331,vpn_state:site_a,
doe-006,0,transition:vpn_state:site_b:330,transition,vpn_state:site_b,site_b,vpn_state:site_b,DEGRADED->UP,,2026-09-03T09:05:30Z,2026-09-03T09:05:31Z,330,331,vpn_state:site_b,
doe-006,0,transition:power_state:570,transition,power_state,site_a,power_state,MAINS->BATTERY,,2026-09-03T09:09:30Z,2026-09-03T09:09:31Z,570,571,power_state,
doe-006,0,transition:protection_trip:570,transition,protection_trip,site_a,protection_trip,->OCP_DSG,,2026-09-03T09:09:30Z,2026-09-03T09:09:31Z,570,571,protection_trip,
doe-006,0,transition:power_state:571,transition,power_state,site_a,power_state,BATTERY->LOAD_SHED,,2026-09-03T09:09:31Z,2026-09-03T09:09:32Z,571,572,power_state,
doe-006,0,transition:protection_trip:571,transition,protection_trip,site_a,protection_trip,OCP_DSG->,,2026-09-03T09:09:31Z,2026-09-03T09:09:32Z,571,572,protection_trip,
doe-006,0,transition:shed_groups:571,transition,shed_groups,site_a,shed_groups,"()->(3,)",,2026-09-03T09:09:31Z,2026-09-03T09:09:32Z,571,572,shed_groups,
doe-006,0,transition:ap_online:site_a:571,transition,ap_online:site_a,site_a,ap_online:site_a,48->12,,2026-09-03T09:09:31Z,2026-09-03T09:09:32Z,571,572,ap_online:site_a,
doe-006,0,transition:power_state:586,transition,power_state,site_a,power_state,LOAD_SHED->BATTERY,,2026-09-03T09:09:46Z,2026-09-03T09:09:47Z,586,587,power_state,
doe-006,0,transition:shed_groups:586,transition,shed_groups,site_a,shed_groups,"(3,)->()",,2026-09-03T09:09:46Z,2026-09-03T09:09:47Z,586,587,shed_groups,
doe-006,0,transition:ap_online:site_a:586,transition,ap_online:site_a,site_a,ap_online:site_a,12->48,,2026-09-03T09:09:46Z,2026-09-03T09:09:47Z,586,587,ap_online:site_a,
doe-006,0,transition:protection_trip:587,transition,protection_trip,site_a,protection_trip,->OCP_DSG,,2026-09-03T09:09:47Z,2026-09-03T09:09:48Z,587,588,protection_trip,
doe-006,0,transition:power_state:588,transition,power_state,site_a,power_state,BATTERY->LOAD_SHED,,2026-09-03T09:09:48Z,2026-09-03T09:09:49Z,588,589,power_state,
doe-006,0,transition:protection_trip:588,transition,protection_trip,site_a,protection_trip,OCP_DSG->,,2026-09-03T09:09:48Z,2026-09-03T09:09:49Z,588,589,protection_trip,
doe-006,0,transition:shed_groups:588,transition,shed_groups,site_a,shed_groups,"()->(3,)",,2026-09-03T09:09:48Z,2026-09-03T09:09:49Z,588,589,shed_groups,
doe-006,0,transition:ap_online:site_a:588,transition,ap_online:site_a,site_a,ap_online:site_a,48->12,,2026-09-03T09:09:48Z,2026-09-03T09:09:49Z,588,589,ap_online:site_a,
doe-006,0,transition:power_state:603,transition,power_state,site_a,power_state,LOAD_SHED->BATTERY,,2026-09-03T09:10:03Z,2026-09-03T09:10:04Z,603,604,power_state,
doe-006,0,transition:shed_groups:603,transition,shed_groups,site_a,shed_groups,"(3,)->()",,2026-09-03T09:10:03Z,2026-09-03T09:10:04Z,603,604,shed_groups,
doe-006,0,transition:ap_online:site_a:603,transition,ap_online:site_a,site_a,ap_online:site_a,12->48,,2026-09-03T09:10:03Z,2026-09-03T09:10:04Z,603,604,ap_online:site_a,
doe-006,0,transition:protection_trip:604,transition,protection_trip,site_a,protection_trip,->OCP_DSG,,2026-09-03T09:10:04Z,2026-09-03T09:10:05Z,604,605,protection_trip,
doe-006,0,transition:power_state:605,transition,power_state,site_a,power_state,BATTERY->LOAD_SHED,,2026-09-03T09:10:05Z,2026-09-03T09:10:06Z,605,606,power_state,
doe-006,0,transition:protection_trip:605,transition,protection_trip,site_a,protection_trip,OCP_DSG->,,2026-09-03T09:10:05Z,2026-09-03T09:10:06Z,605,606,protection_trip,
doe-006,0,transition:shed_groups:605,transition,shed_groups,site_a,shed_groups,"()->(3,)",,2026-09-03T09:10:05Z,2026-09-03T09:10:06Z,605,606,shed_groups,
doe-006,0,transition:ap_online:site_a:605,transition,ap_online:site_a,site_a,ap_online:site_a,48->12,,2026-09-03T09:10:05Z,2026-09-03T09:10:06Z,605,606,ap_online:site_a,
doe-006,0,transition:power_state:620,transition,power_state,site_a,power_state,LOAD_SHED->BATTERY,,2026-09-03T09:10:20Z,2026-09-03T09:10:21Z,620,621,power_state,
doe-006,0,transition:shed_groups:620,transition,shed_groups,site_a,shed_groups,"(3,)->()",,2026-09-03T09:10:20Z,2026-09-03T09:10:21Z,620,621,shed_groups,
doe-006,0,transition:ap_online:site_a:620,transition,ap_online:site_a,site_a,ap_online:site_a,12->48,,2026-09-03T09:10:20Z,2026-09-03T09:10:21Z,620,621,ap_online:site_a,
doe-006,0,transition:protection_trip:621,transition,protection_trip,site_a,protection_trip,->OCP_DSG,,2026-09-03T09:10:21Z,2026-09-03T09:10:22Z,621,622,protection_trip,
doe-006,0,transition:power_state:622,transition,power_state,site_a,power_state,BATTERY->LOAD_SHED,,2026-09-03T09:10:22Z,2026-09-03T09:10:23Z,622,623,power_state,
doe-006,0,transition:protection_trip:622,transition,protection_trip,site_a,protection_trip,OCP_DSG->,,2026-09-03T09:10:22Z,2026-09-03T09:10:23Z,622,623,protection_trip,
doe-006,0,transition:shed_groups:622,transition,shed_groups,site_a,shed_groups,"()->(3,)",,2026-09-03T09:10:22Z,2026-09-03T09:10:23Z,622,623,shed_groups,
doe-006,0,transition:ap_online:site_a:622,transition,ap_online:site_a,site_a,ap_online:site_a,48->12,,2026-09-03T09:10:22Z,2026-09-03T09:10:23Z,622,623,ap_online:site_a,
doe-006,0,transition:power_state:637,transition,power_state,site_a,power_state,LOAD_SHED->BATTERY,,2026-09-03T09:10:37Z,2026-09-03T09:10:38Z,637,638,power_state,
doe-006,0,transition:shed_groups:637,transition,shed_groups,site_a,shed_groups,"(3,)->()",,2026-09-03T09:10:37Z,2026-09-03T09:10:38Z,637,638,shed_groups,
doe-006,0,transition:ap_online:site_a:637,transition,ap_online:site_a,site_a,ap_online:site_a,12->48,,2026-09-03T09:10:37Z,2026-09-03T09:10:38Z,637,638,ap_online:site_a,
doe-006,0,transition:protection_trip:638,transition,protection_trip,site_a,protection_trip,->OCP_DSG,,2026-09-03T09:10:38Z,2026-09-03T09:10:39Z,638,639,protection_trip,
doe-006,0,transition:power_state:639,transition,power_state,site_a,power_state,BATTERY->LOAD_SHED,,2026-09-03T09:10:39Z,2026-09-03T09:10:40Z,639,640,power_state,
doe-006,0,transition:protection_trip:639,transition,protection_trip,site_a,protection_trip,OCP_DSG->,,2026-09-03T09:10:39Z,2026-09-03T09:10:40Z,639,640,protection_trip,
doe-006,0,transition:shed_groups:639,transition,shed_groups,site_a,shed_groups,"()->(3,)",,2026-09-03T09:10:39Z,2026-09-03T09:10:40Z,639,640,shed_groups,
doe-006,0,transition:ap_online:site_a:639,transition,ap_online:site_a,site_a,ap_online:site_a,48->12,,2026-09-03T09:10:39Z,2026-09-03T09:10:40Z,639,640,ap_online:site_a,
doe-006,0,transition:power_state:654,transition,power_state,site_a,power_state,LOAD_SHED->BATTERY,,2026-09-03T09:10:54Z,2026-09-03T09:10:55Z,654,655,power_state,
doe-006,0,transition:shed_groups:654,transition,shed_groups,site_a,shed_groups,"(3,)->()",,2026-09-03T09:10:54Z,2026-09-03T09:10:55Z,654,655,shed_groups,
doe-006,0,transition:ap_online:site_a:654,transition,ap_online:site_a,site_a,ap_online:site_a,12->48,,2026-09-03T09:10:54Z,2026-09-03T09:10:55Z,654,655,ap_online:site_a,
doe-006,0,transition:protection_trip:655,transition,protection_trip,site_a,protection_trip,->OCP_DSG,,2026-09-03T09:10:55Z,2026-09-03T09:10:56Z,655,656,protection_trip,
doe-006,0,transition:power_state:656,transition,power_state,site_a,power_state,BATTERY->LOAD_SHED,,2026-09-03T09:10:56Z,2026-09-03T09:10:57Z,656,657,power_state,
doe-006,0,transition:protection_trip:656,transition,protection_trip,site_a,protection_trip,OCP_DSG->,,2026-09-03T09:10:56Z,2026-09-03T09:10:57Z,656,657,protection_trip,
doe-006,0,transition:shed_groups:656,transition,shed_groups,site_a,shed_groups,"()->(3,)",,2026-09-03T09:10:56Z,2026-09-03T09:10:57Z,656,657,shed_groups,
doe-006,0,transition:ap_online:site_a:656,transition,ap_online:site_a,site_a,ap_online:site_a,48->12,,2026-09-03T09:10:56Z,2026-09-03T09:10:57Z,656,657,ap_online:site_a,
doe-006,0,transition:power_state:671,transition,power_state,site_a,power_state,LOAD_SHED->BATTERY,,2026-09-03T09:11:11Z,2026-09-03T09:11:12Z,671,672,power_state,
doe-006,0,transition:shed_groups:671,transition,shed_groups,site_a,shed_groups,"(3,)->()",,2026-09-03T09:11:11Z,2026-09-03T09:11:12Z,671,672,shed_groups,
doe-006,0,transition:ap_online:site_a:671,transition,ap_online:site_a,site_a,ap_online:site_a,12->48,,2026-09-03T09:11:11Z,2026-09-03T09:11:12Z,671,672,ap_online:site_a,
doe-006,0,transition:protection_trip:672,transition,protection_trip,site_a,protection_trip,->OCP_DSG,,2026-09-03T09:11:12Z,2026-09-03T09:11:13Z,672,673,protection_trip,
doe-006,0,transition:power_state:673,transition,power_state,site_a,power_state,BATTERY->LOAD_SHED,,2026-09-03T09:11:13Z,2026-09-03T09:11:14Z,673,674,power_state,
doe-006,0,transition:protection_trip:673,transition,protection_trip,site_a,protection_trip,OCP_DSG->,,2026-09-03T09:11:13Z,2026-09-03T09:11:14Z,673,674,protection_trip,
doe-006,0,transition:shed_groups:673,transition,shed_groups,site_a,shed_groups,"()->(3,)",,2026-09-03T09:11:13Z,2026-09-03T09:11:14Z,673,674,shed_groups,
doe-006,0,transition:ap_online:site_a:673,transition,ap_online:site_a,site_a,ap_online:site_a,48->12,,2026-09-03T09:11:13Z,2026-09-03T09:11:14Z,673,674,ap_online:site_a,
doe-006,0,transition:power_state:688,transition,power_state,site_a,power_state,LOAD_SHED->BATTERY,,2026-09-03T09:11:28Z,2026-09-03T09:11:29Z,688,689,power_state,
doe-006,0,transition:shed_groups:688,transition,shed_groups,site_a,shed_groups,"(3,)->()",,2026-09-03T09:11:28Z,2026-09-03T09:11:29Z,688,689,shed_groups,
doe-006,0,transition:ap_online:site_a:688,transition,ap_online:site_a,site_a,ap_online:site_a,12->48,,2026-09-03T09:11:28Z,2026-09-03T09:11:29Z,688,689,ap_online:site_a,
doe-006,0,transition:protection_trip:689,transition,protection_trip,site_a,protection_trip,->OCP_DSG,,2026-09-03T09:11:29Z,2026-09-03T09:11:30Z,689,690,protection_trip,
doe-006,0,transition:power_state:690,transition,power_state,site_a,power_state,BATTERY->LOAD_SHED,,2026-09-03T09:11:30Z,2026-09-03T09:11:31Z,690,691,power_state,
doe-006,0,transition:protection_trip:690,transition,protection_trip,site_a,protection_trip,OCP_DSG->,,2026-09-03T09:11:30Z,2026-09-03T09:11:31Z,690,691,protection_trip,
doe-006,0,transition:shed_groups:690,transition,shed_groups,site_a,shed_groups,"()->(3,)",,2026-09-03T09:11:30Z,2026-09-03T09:11:31Z,690,691,shed_groups,
doe-006,0,transition:ap_online:site_a:690,transition,ap_online:site_a,site_a,ap_online:site_a,48->12,,2026-09-03T09:11:30Z,2026-09-03T09:11:31Z,690,691,ap_online:site_a,
doe-006,0,transition:power_state:705,transition,power_state,site_a,power_state,LOAD_SHED->BATTERY,,2026-09-03T09:11:45Z,2026-09-03T09:11:46Z,705,706,power_state,
doe-006,0,transition:shed_groups:705,transition,shed_groups,site_a,shed_groups,"(3,)->()",,2026-09-03T09:11:45Z,2026-09-03T09:11:46Z,705,706,shed_groups,
doe-006,0,transition:ap_online:site_a:705,transition,ap_online:site_a,site_a,ap_online:site_a,12->48,,2026-09-03T09:11:45Z,2026-09-03T09:11:46Z,705,706,ap_online:site_a,
doe-006,0,transition:protection_trip:706,transition,protection_trip,site_a,protection_trip,->OCP_DSG,,2026-09-03T09:11:46Z,2026-09-03T09:11:47Z,706,707,protection_trip,
doe-006,0,transition:power_state:707,transition,power_state,site_a,power_state,BATTERY->LOAD_SHED,,2026-09-03T09:11:47Z,2026-09-03T09:11:48Z,707,708,power_state,
doe-006,0,transition:protection_trip:707,transition,protection_trip,site_a,protection_trip,OCP_DSG->,,2026-09-03T09:11:47Z,2026-09-03T09:11:48Z,707,708,protection_trip,
doe-006,0,transition:shed_groups:707,transition,shed_groups,site_a,shed_groups,"()->(3,)",,2026-09-03T09:11:47Z,2026-09-03T09:11:48Z,707,708,shed_groups,
doe-006,0,transition:ap_online:site_a:707,transition,ap_online:site_a,site_a,ap_online:site_a,48->12,,2026-09-03T09:11:47Z,2026-09-03T09:11:48Z,707,708,ap_online:site_a,
doe-006,0,transition:power_state:722,transition,power_state,site_a,power_state,LOAD_SHED->BATTERY,,2026-09-03T09:12:02Z,2026-09-03T09:12:03Z,722,723,power_state,
doe-006,0,transition:shed_groups:722,transition,shed_groups,site_a,shed_groups,"(3,)->()",,2026-09-03T09:12:02Z,2026-09-03T09:12:03Z,722,723,shed_groups,
doe-006,0,transition:ap_online:site_a:722,transition,ap_online:site_a,site_a,ap_online:site_a,12->48,,2026-09-03T09:12:02Z,2026-09-03T09:12:03Z,722,723,ap_online:site_a,
doe-006,0,transition:protection_trip:723,transition,protection_trip,site_a,protection_trip,->OCP_DSG,,2026-09-03T09:12:03Z,2026-09-03T09:12:04Z,723,724,protection_trip,
doe-006,0,transition:power_state:724,transition,power_state,site_a,power_state,BATTERY->LOAD_SHED,,2026-09-03T09:12:04Z,2026-09-03T09:12:05Z,724,725,power_state,
doe-006,0,transition:protection_trip:724,transition,protection_trip,site_a,protection_trip,OCP_DSG->,,2026-09-03T09:12:04Z,2026-09-03T09:12:05Z,724,725,protection_trip,
doe-006,0,transition:shed_groups:724,transition,shed_groups,site_a,shed_groups,"()->(3,)",,2026-09-03T09:12:04Z,2026-09-03T09:12:05Z,724,725,shed_groups,
doe-006,0,transition:ap_online:site_a:724,transition,ap_online:site_a,site_a,ap_online:site_a,48->12,,2026-09-03T09:12:04Z,2026-09-03T09:12:05Z,724,725,ap_online:site_a,
doe-006,0,transition:power_state:739,transition,power_state,site_a,power_state,LOAD_SHED->BATTERY,,2026-09-03T09:12:19Z,2026-09-03T09:12:20Z,739,740,power_state,
doe-006,0,transition:shed_groups:739,transition,shed_groups,site_a,shed_groups,"(3,)->()",,2026-09-03T09:12:19Z,2026-09-03T09:12:20Z,739,740,shed_groups,
doe-006,0,transition:ap_online:site_a:739,transition,ap_online:site_a,site_a,ap_online:site_a,12->48,,2026-09-03T09:12:19Z,2026-09-03T09:12:20Z,739,740,ap_online:site_a,
doe-006,0,transition:protection_trip:740,transition,protection_trip,site_a,protection_trip,->OCP_DSG,,2026-09-03T09:12:20Z,2026-09-03T09:12:21Z,740,741,protection_trip,
doe-006,0,transition:power_state:741,transition,power_state,site_a,power_state,BATTERY->LOAD_SHED,,2026-09-03T09:12:21Z,2026-09-03T09:12:22Z,741,742,power_state,
doe-006,0,transition:protection_trip:741,transition,protection_trip,site_a,protection_trip,OCP_DSG->,,2026-09-03T09:12:21Z,2026-09-03T09:12:22Z,741,742,protection_trip,
doe-006,0,transition:shed_groups:741,transition,shed_groups,site_a,shed_groups,"()->(3,)",,2026-09-03T09:12:21Z,2026-09-03T09:12:22Z,741,742,shed_groups,
doe-006,0,transition:ap_online:site_a:741,transition,ap_online:site_a,site_a,ap_online:site_a,48->12,,2026-09-03T09:12:21Z,2026-09-03T09:12:22Z,741,742,ap_online:site_a,
doe-006,0,transition:power_state:756,transition,power_state,site_a,power_state,LOAD_SHED->BATTERY,,2026-09-03T09:12:36Z,2026-09-03T09:12:37Z,756,757,power_state,
doe-006,0,transition:shed_groups:756,transition,shed_groups,site_a,shed_groups,"(3,)->()",,2026-09-03T09:12:36Z,2026-09-03T09:12:37Z,756,757,shed_groups,
doe-006,0,transition:ap_online:site_a:756,transition,ap_online:site_a,site_a,ap_online:site_a,12->48,,2026-09-03T09:12:36Z,2026-09-03T09:12:37Z,756,757,ap_online:site_a,
doe-006,0,transition:protection_trip:757,transition,protection_trip,site_a,protection_trip,->OCP_DSG,,2026-09-03T09:12:37Z,2026-09-03T09:12:38Z,757,758,protection_trip,
doe-006,0,transition:power_state:758,transition,power_state,site_a,power_state,BATTERY->LOAD_SHED,,2026-09-03T09:12:38Z,2026-09-03T09:12:39Z,758,759,power_state,
doe-006,0,transition:protection_trip:758,transition,protection_trip,site_a,protection_trip,OCP_DSG->,,2026-09-03T09:12:38Z,2026-09-03T09:12:39Z,758,759,protection_trip,
doe-006,0,transition:shed_groups:758,transition,shed_groups,site_a,shed_groups,"()->(3,)",,2026-09-03T09:12:38Z,2026-09-03T09:12:39Z,758,759,shed_groups,
doe-006,0,transition:ap_online:site_a:758,transition,ap_online:site_a,site_a,ap_online:site_a,48->12,,2026-09-03T09:12:38Z,2026-09-03T09:12:39Z,758,759,ap_online:site_a,
doe-006,0,transition:power_state:773,transition,power_state,site_a,power_state,LOAD_SHED->BATTERY,,2026-09-03T09:12:53Z,2026-09-03T09:12:54Z,773,774,power_state,
doe-006,0,transition:shed_groups:773,transition,shed_groups,site_a,shed_groups,"(3,)->()",,2026-09-03T09:12:53Z,2026-09-03T09:12:54Z,773,774,shed_groups,
doe-006,0,transition:ap_online:site_a:773,transition,ap_online:site_a,site_a,ap_online:site_a,12->48,,2026-09-03T09:12:53Z,2026-09-03T09:12:54Z,773,774,ap_online:site_a,
doe-006,0,transition:protection_trip:774,transition,protection_trip,site_a,protection_trip,->OCP_DSG,,2026-09-03T09:12:54Z,2026-09-03T09:12:55Z,774,775,protection_trip,
doe-006,0,transition:power_state:775,transition,power_state,site_a,power_state,BATTERY->LOAD_SHED,,2026-09-03T09:12:55Z,2026-09-03T09:12:56Z,775,776,power_state,
doe-006,0,transition:protection_trip:775,transition,protection_trip,site_a,protection_trip,OCP_DSG->,,2026-09-03T09:12:55Z,2026-09-03T09:12:56Z,775,776,protection_trip,
doe-006,0,transition:shed_groups:775,transition,shed_groups,site_a,shed_groups,"()->(3,)",,2026-09-03T09:12:55Z,2026-09-03T09:12:56Z,775,776,shed_groups,
doe-006,0,transition:ap_online:site_a:775,transition,ap_online:site_a,site_a,ap_online:site_a,48->12,,2026-09-03T09:12:55Z,2026-09-03T09:12:56Z,775,776,ap_online:site_a,
doe-006,0,transition:power_state:780,transition,power_state,site_a,power_state,LOAD_SHED->MAINS_RECOVERY_HOLD,,2026-09-03T09:13:00Z,2026-09-03T09:13:01Z,780,781,power_state,
doe-006,0,transition:shed_groups:790,transition,shed_groups,site_a,shed_groups,"(3,)->()",,2026-09-03T09:13:10Z,2026-09-03T09:13:11Z,790,791,shed_groups,
doe-006,0,transition:ap_online:site_a:790,transition,ap_online:site_a,site_a,ap_online:site_a,12->48,,2026-09-03T09:13:10Z,2026-09-03T09:13:11Z,790,791,ap_online:site_a,
doe-006,0,transition:protection_trip:791,transition,protection_trip,site_a,protection_trip,->OCP_DSG,,2026-09-03T09:13:11Z,2026-09-03T09:13:12Z,791,792,protection_trip,
doe-006,0,transition:protection_trip:792,transition,protection_trip,site_a,protection_trip,OCP_DSG->,,2026-09-03T09:13:12Z,2026-09-03T09:13:13Z,792,793,protection_trip,
doe-006,0,transition:shed_groups:792,transition,shed_groups,site_a,shed_groups,"()->(3,)",,2026-09-03T09:13:12Z,2026-09-03T09:13:13Z,792,793,shed_groups,
doe-006,0,transition:ap_online:site_a:792,transition,ap_online:site_a,site_a,ap_online:site_a,48->12,,2026-09-03T09:13:12Z,2026-09-03T09:13:13Z,792,793,ap_online:site_a,
doe-006,0,transition:shed_groups:807,transition,shed_groups,site_a,shed_groups,"(3,)->()",,2026-09-03T09:13:27Z,2026-09-03T09:13:28Z,807,808,shed_groups,
doe-006,0,transition:ap_online:site_a:807,transition,ap_online:site_a,site_a,ap_online:site_a,12->48,,2026-09-03T09:13:27Z,2026-09-03T09:13:28Z,807,808,ap_online:site_a,
doe-006,0,transition:protection_trip:808,transition,protection_trip,site_a,protection_trip,->OCP_DSG,,2026-09-03T09:13:28Z,2026-09-03T09:13:29Z,808,809,protection_trip,
doe-006,0,transition:protection_trip:809,transition,protection_trip,site_a,protection_trip,OCP_DSG->,,2026-09-03T09:13:29Z,2026-09-03T09:13:30Z,809,810,protection_trip,
doe-006,0,transition:shed_groups:809,transition,shed_groups,site_a,shed_groups,"()->(3,)",,2026-09-03T09:13:29Z,2026-09-03T09:13:30Z,809,810,shed_groups,
doe-006,0,transition:ap_online:site_a:809,transition,ap_online:site_a,site_a,ap_online:site_a,48->12,,2026-09-03T09:13:29Z,2026-09-03T09:13:30Z,809,810,ap_online:site_a,
doe-006,0,transition:shed_groups:824,transition,shed_groups,site_a,shed_groups,"(3,)->()",,2026-09-03T09:13:44Z,2026-09-03T09:13:45Z,824,825,shed_groups,
doe-006,0,transition:ap_online:site_a:824,transition,ap_online:site_a,site_a,ap_online:site_a,12->48,,2026-09-03T09:13:44Z,2026-09-03T09:13:45Z,824,825,ap_online:site_a,
doe-006,0,transition:protection_trip:825,transition,protection_trip,site_a,protection_trip,->OCP_DSG,,2026-09-03T09:13:45Z,2026-09-03T09:13:46Z,825,826,protection_trip,
doe-006,0,transition:protection_trip:826,transition,protection_trip,site_a,protection_trip,OCP_DSG->,,2026-09-03T09:13:46Z,2026-09-03T09:13:47Z,826,827,protection_trip,
doe-006,0,transition:shed_groups:826,transition,shed_groups,site_a,shed_groups,"()->(3,)",,2026-09-03T09:13:46Z,2026-09-03T09:13:47Z,826,827,shed_groups,
doe-006,0,transition:ap_online:site_a:826,transition,ap_online:site_a,site_a,ap_online:site_a,48->12,,2026-09-03T09:13:46Z,2026-09-03T09:13:47Z,826,827,ap_online:site_a,
doe-006,0,transition:power_state:840,transition,power_state,site_a,power_state,MAINS_RECOVERY_HOLD->CHARGE_DELAY,,2026-09-03T09:14:00Z,2026-09-03T09:14:01Z,840,841,power_state,
doe-006,0,transition:shed_groups:840,transition,shed_groups,site_a,shed_groups,"(3,)->()",,2026-09-03T09:14:00Z,2026-09-03T09:14:01Z,840,841,shed_groups,
doe-006,0,transition:ap_online:site_a:840,transition,ap_online:site_a,site_a,ap_online:site_a,12->48,,2026-09-03T09:14:00Z,2026-09-03T09:14:01Z,840,841,ap_online:site_a,
doe-006,0,transition:power_state:870,transition,power_state,site_a,power_state,CHARGE_DELAY->MAINS,,2026-09-03T09:14:30Z,2026-09-03T09:14:31Z,870,871,power_state,
