seed,file,md5,rows
20260730,radartwin_measurements.csv,d3e7c1b46d85feadce760f67b43fa90d,203465
20260730,radartwin_truth.csv,b66e53832b4d8d2df544ab226d24f831,217933
20260730,ustfuse_classifications.csv,fa8d8dd7e1c1f934d901e1f8a20040c2,203465
20260730,ustfuse_tracks.csv,71f563ac8a44f56b1fcd1f5fb40d2091,254107
20260730,fusemetrics_summary.csv,f44f3fdad05f3970388003263d45bb95,17
20260731,radartwin_measurements.csv,95c5d87bac851559a17bb8f429a3b693,205601
20260731,radartwin_truth.csv,09b9a365058f815ad718c285e22f3e69,221394
20260731,ustfuse_classifications.csv,fa39a9066bc3da75b61d87c47fab3981,205601
20260731,ustfuse_tracks.csv,868d3732c88cba617cfd84f01f64ff22,260103
20260731,fusemetrics_summary.csv,e2d82bbe19754d1f9939b29e73ffeafc,17
20260732,radartwin_measurements.csv,a482ae7c72d700914e5d1f11e1866598,202239
20260732,radartwin_truth.csv,24d7eabcf0e3fbadc44868e5fbc6a6e7,219022
20260732,ustfuse_classifications.csv,a8b0d7c9aa6f482ab9c4b96797d50f80,202239
20260732,ustfuse_tracks.csv,64d398ce566648d3e3a43f3f0c780346,251617
20260732,fusemetrics_summary.csv,d4018f728dc12280a8581434148bd6d9,17
20260733,radartwin_measurements.csv,7e983850608bef9d91bb3e5a4c64c658,206520
20260733,radartwin_truth.csv,225fc7abf76b79069bc690348ff57cde,221054
20260733,ustfuse_classifications.csv,47a2f10ae25911ad842817648b798b2f,206520
20260733,ustfuse_tracks.csv,98bd9f96ea4b738a6b8f42e6c946ef73,261664
20260733,fusemetrics_summary.csv,95ff5d5db60a9461a9c4cba5a2399bf1,17
20260734,radartwin_measurements.csv,c0606d0686c1287f8397efd15b9b37f7,208720
20260734,radartwin_truth.csv,99b7bf57cd28489449d5f60ad0179287,224140
20260734,ustfuse_classifications.csv,d8ad0696871007bd9b5c3eb7aa0df718,208720
20260734,ustfuse_tracks.csv,66850705b33e3ba1b97f7f7efa499b9a,262526
20260734,fusemetrics_summary.csv,259aa0e30f0eec1193fcc2c93dcb02c5,17
20260735,radartwin_measurements.csv,3f48061b60186e32b9d0e6be0be1d85f,200275
20260735,radartwin_truth.csv,babfd53b8ec6cdbad5e31654d67c5ad2,213999
20260735,ustfuse_classifications.csv,7f984ff284d0267ecb9d0b544666093c,200275
20260735,ustfuse_tracks.csv,5b511a522a73e09851d61a1a5cbbaa51,244339
20260735,fusemetrics_summary.csv,967ba4cb4027f2114a0e8bb99a4974f1,17
20260736,radartwin_measurements.csv,989bd22b96d61c29a3623eedb36cb1fc,199053
20260736,radartwin_truth.csv,1973078d246d05684e94463fa4819b74,212882
20260736,ustfuse_classifications.csv,5c4242c5afc39380670dbee5c7f03852,199053
20260736,ustfuse_tracks.csv,963b2185d144d3af6db575d0163cf3ee,248525
20260736,fusemetrics_summary.csv,19892840f537bc37c7fe917e18893767,17
20260737,radartwin_measurements.csv,264a6b48e4b899bd74a7938da88a8a29,203640
20260737,radartwin_truth.csv,36917b2747ae2831c691c0a26bb0ca4b,220206
20260737,ustfuse_classifications.csv,13d2dbaca19316f0287f93953bca801b,203640
20260737,ustfuse_tracks.csv,23ec3aaf63c47d59468a7008aca57134,254371
20260737,fusemetrics_summary.csv,8aeae960c71850d7b279486f13326a65,17
20260738,radartwin_measurements.csv,f41bc8f40653dddb9d3b80c829477b31,200681
20260738,radartwin_truth.csv,a17bb158a78b3266e2b3001c7490ed3e,215260
20260738,ustfuse_classifications.csv,e919e4d14a12e88cad32a6993d5acaf4,200681
20260738,ustfuse_tracks.csv,6fac475d2b25027260d5117dc5bcc1d6,247552
20260738,fusemetrics_summary.csv,2dc333c07b7f09d6d8ef0db10d97153b,17
20260739,radartwin_measurements.csv,93c4955c8afe012803c405b93bdd082d,199382
20260739,radartwin_truth.csv,82d72637840fd1daf7234836e0763505,218577
20260739,ustfuse_classifications.csv,cc8140cc1efcdc57ecc1edd172dffd3d,199382
20260739,ustfuse_tracks.csv,97916ea6e5f7ce9fab6c8c6a5cc333bd,246639
20260739,fusemetrics_summary.csv,b921a9408928a13b5a3aaccc5dc79b1e,17
20260740,radartwin_measurements.csv,d826074bbf014413464e99ee5e3c51df,200128
20260740,radartwin_truth.csv,2b2eb65bb0f47c7fa4eaa37ac87c8399,216821
20260740,ustfuse_classifications.csv,6ad83d52f310f8caf529b825312c93d9,200128
20260740,ustfuse_tracks.csv,f197d90c35479d3bfc6a779c51f6849d,249252
20260740,fusemetrics_summary.csv,22d6f13d93744baf6f5fbb08ad118fee,17
20260741,radartwin_measurements.csv,c27030a75dfbf7c11b5d74314327b165,202035
20260741,radartwin_truth.csv,48a707ae184771ac0cc92210928a97c3,217159
20260741,ustfuse_classifications.csv,aa6765472fd6b20d4c3e2c97126612a1,202035
20260741,ustfuse_tracks.csv,12f43e7a2c7cfe1400927370e4d538ca,250943
20260741,fusemetrics_summary.csv,ae3224c6cb07bc41382358275abb1a3d,17
20260742,radartwin_measurements.csv,e8e9c0aaaf29689e99b7913e369dc1ec,201225
20260742,radartwin_truth.csv,bef44e3aecd5685f9550fd3f26784a70,219445
20260742,ustfuse_classifications.csv,273ab1a7a359883484efd87a026f035e,201225
20260742,ustfuse_tracks.csv,24d13b3cf7ae9c45cda2378d926bba4f,250427
20260742,fusemetrics_summary.csv,bb7dacdcbedbf181fa9e321ecddd7b49,17
20260743,radartwin_measurements.csv,92853f29a18c71b7186c5779d2bc9ff3,198112
20260743,radartwin_truth.csv,7b26243354358fa4d76ddabda955ae59,213818
20260743,ustfuse_classifications.csv,e18c44906afcf09979b5dcd3e269d258,198112
20260743,ustfuse_tracks.csv,6d0f805ef715e68bd2232186444464a8,243547
20260743,fusemetrics_summary.csv,9a1fba56a5c7c769f680683cbb9610be,17
20260744,radartwin_measurements.csv,cfefeedfc34ae00e73ff917bb3caa16b,202053
20260744,radartwin_truth.csv,f247b878f4437ca2e13df75169ab4653,214007
20260744,ustfuse_classifications.csv,f9bc282e737628e38ece506891766c3a,202053
20260744,ustfuse_tracks.csv,88948d25195d6cdbc3169eadf4e0044e,252283
20260744,fusemetrics_summary.csv,d9c4ba2cc08d6ec0b74db7d73a7d3e13,17
20260745,radartwin_measurements.csv,31b1c851599a4145b594278c6f466a8f,202595
20260745,radartwin_truth.csv,b0989bc98dd7826effa1b657b07ce2e4,215672
20260745,ustfuse_classifications.csv,c92243458623505a7b9e0a2198afd158,202595
20260745,ustfuse_tracks.csv,b9ee549872d5f4b4d0c57a2aac1054b1,250297
20260745,fusemetrics_summary.csv,4a141b9f5a71ba19ca8353145accccf7,17
20260746,radartwin_measurements.csv,a685834b750066934d576ed30473d5df,200520
20260746,radartwin_truth.csv,ff9174633225f7f4aab36cebd21489dd,213361
20260746,ustfuse_classifications.csv,a9f57870be4fea55e24470e240153f50,200520
20260746,ustfuse_tracks.csv,b6e395ab55b054fbf925ff8e4be9b176,250277
20260746,fusemetrics_summary.csv,67b59060ca7816d3cc82a8aad4434475,17
20260747,radartwin_measurements.csv,8c96f92541ed3018ea623185dfc64ace,206909
20260747,radartwin_truth.csv,abc4190e6477d43433117676aafb99de,219182
20260747,ustfuse_classifications.csv,7e5359bdd42ce50b71721b3cee34533a,206909
20260747,ustfuse_tracks.csv,971e73c72678481281de389576d02811,261113
20260747,fusemetrics_summary.csv,dba4aee87eb8b7c73a616a63e90c2581,17
20260748,radartwin_measurements.csv,122af151ec603e8a4d65207432928a12,202507
20260748,radartwin_truth.csv,717c0a48f4f8e0cd16d6a2d1fe26a444,217962
20260748,ustfuse_classifications.csv,0bc29bc31ea7444b06a4e43e8ebae89c,202507
20260748,ustfuse_tracks.csv,fc130abb20ef7fe5ee5c685a3f0cd6a0,252784
20260748,fusemetrics_summary.csv,73b444afc45ed0e152e27d104670eef8,17
20260749,radartwin_measurements.csv,cc4856c65fa54d5eca6affedd15b8606,203069
20260749,radartwin_truth.csv,185810bcfe5f53ab4587c58f2650fc69,218607
20260749,ustfuse_classifications.csv,c5a1c8bee39d362cd439e5ee9b60aaad,203069
20260749,ustfuse_tracks.csv,d36cfd0d815acfafa84f86485b6b06d6,249205
20260749,fusemetrics_summary.csv,f8c7b28490ec6dd629663632ae8cb697,17
20260750,radartwin_measurements.csv,aadaf5f837fa3d678bd2217c87ac4914,204687
20260750,radartwin_truth.csv,021675ac6dbb7b319e650b637eff9069,221185
20260750,ustfuse_classifications.csv,2bc5482557c059bb8c3974daac53f0bd,204687
20260750,ustfuse_tracks.csv,b8c097fc787eebf9c1606ab2db52c54b,256254
20260750,fusemetrics_summary.csv,8c109017431cf0e8ddefc2653bb279cf,17
20260751,radartwin_measurements.csv,bb05f5e6f9c34af97d08773321fa6dc4,209944
20260751,radartwin_truth.csv,3127b3fd2bd101839a6b9e981d72425c,226219
20260751,ustfuse_classifications.csv,41931e843731c02995a472d1c4fd4f0e,209944
20260751,ustfuse_tracks.csv,12121d17b1bccc7be7c070f21a69cac3,268025
20260751,fusemetrics_summary.csv,ef42584707c11732e99528c9590233d6,17
20260752,radartwin_measurements.csv,0070e01629145f13249170f7af26f131,204989
20260752,radartwin_truth.csv,07a6b91ac11f2ace1fc48e7587472bd3,221504
20260752,ustfuse_classifications.csv,b17f828ec30dd6dd534f72b69ff7c28a,204989
20260752,ustfuse_tracks.csv,aae2349d4472d9ee579c2ca28f073315,256212
20260752,fusemetrics_summary.csv,faf0f4922c514a387ea0dfc9141bac30,17
20260753,radartwin_measurements.csv,ae0884b183d9363379f1fa9c1f852b0b,202825
20260753,radartwin_truth.csv,c2abd86e1734278988a445e22032b47b,220668
20260753,ustfuse_classifications.csv,9bc41514dee280fd490210f186478d68,202825
20260753,ustfuse_tracks.csv,ece4a2a85066f68b1f40e7888d545da6,255514
20260753,fusemetrics_summary.csv,6137511b45ce64b71e40477fadbd28a1,17
20260754,radartwin_measurements.csv,079ff8fb86b2ade68ee81610ecb6f20e,207058
20260754,radartwin_truth.csv,53e381510b23c481e7a77beebec6ee0a,220028
20260754,ustfuse_classifications.csv,003dce4d5a6eed2e8f6eac351a6f4529,207058
20260754,ustfuse_tracks.csv,2b81125e00305f161631eb0fc990ccea,259888
20260754,fusemetrics_summary.csv,019a2abc0ad006d6a561a277e7b02abf,17
20260755,radartwin_measurements.csv,89967820607a4a168c481442ebc4efca,200827
20260755,radartwin_truth.csv,c126ddf78b6b5af927be2bfd32b7be30,215007
20260755,ustfuse_classifications.csv,45a33cc5d2a0d4becb153555e7872930,200827
20260755,ustfuse_tracks.csv,38654b1595f67f151fef349a71df3596,249777
20260755,fusemetrics_summary.csv,a3c8b263485a59a6527a9ae3a7cb2374,17
20260756,radartwin_measurements.csv,b081aea3192b8b23bac17037f69139e7,204346
20260756,radartwin_truth.csv,bb07d46065599a800297c8d90fbacc3a,218110
20260756,ustfuse_classifications.csv,6f576f25547413f352e45cd75a32511f,204346
20260756,ustfuse_tracks.csv,7a888ae82a9159911b9e4377bd376b80,259257
20260756,fusemetrics_summary.csv,088bdfc36fe5519abc66d02e3abf2f31,17
20260757,radartwin_measurements.csv,52936707bc03935e39cf6f8394531b7c,201503
20260757,radartwin_truth.csv,85958f17d03be68342e7bea2b3dfc1e0,215614
20260757,ustfuse_classifications.csv,a0a6d461a40a56b9af145e11c27721dc,201503
20260757,ustfuse_tracks.csv,2d9921189fcd55ea1db2f03dcc8f9687,253941
20260757,fusemetrics_summary.csv,49985388ff6256d0479f5b2abde0e25a,17
20260758,radartwin_measurements.csv,6787e7660947ef3ace056aff900f64e7,206447
20260758,radartwin_truth.csv,24b7cdaad8db4973f62e18a576ac5f0a,222290
20260758,ustfuse_classifications.csv,3956bb0f2e1527b6e0ce8a71f9546e7a,206447
20260758,ustfuse_tracks.csv,551a1e2852842c5369f8919d9c1b8f4d,262719
20260758,fusemetrics_summary.csv,75b303a10575b7c4e5f125722b04ed16,17
20260759,radartwin_measurements.csv,f6300dbd06f97e9fea6ca8379bd8f470,202424
20260759,radartwin_truth.csv,f375c10f85a16563145cb93d419e6600,219441
20260759,ustfuse_classifications.csv,f33544609e9c9e16e2daa079a132571a,202424
20260759,ustfuse_tracks.csv,afac42645c831e916ac27b5d330fb782,252296
20260759,fusemetrics_summary.csv,49613a6f38329f4b9f5ea0f80955f1d4,17
