20260730,0.40,7.22807,2060,285
20260730,0.50,10.98387,681,62
20260730,0.60,9.33333,868,93
20260730,0.70,7.27419,902,124
20260730,0.80,4.81132,1020,212
20260730,0.90,3.79133,1399,369
20260730,1.00,1.83333,11,6
20260731,0.40,6.88645,1880,273
20260731,0.50,12.16071,681,56
20260731,0.60,10.43564,1054,101
20260731,0.70,6.99200,874,125
20260731,0.80,5.46602,1126,206
20260731,0.90,3.70984,1432,386
20260731,1.00,1.11111,10,9
20260732,0.40,7.59140,2118,279
20260732,0.50,9.61644,702,73
20260732,0.60,8.66304,797,92
20260732,0.70,7.12687,955,134
20260732,0.80,5.44444,1078,198
20260732,0.90,3.90449,1390,356
20260732,1.00,3.62500,29,8
20260733,0.40,5.80620,1498,258
20260733,0.50,10.98571,769,70
20260733,0.60,8.70000,696,80
20260733,0.70,8.11009,884,109
20260733,0.80,5.72018,1247,218
20260733,0.90,3.86408,1592,412
20260733,1.00,2.63636,29,11
20260734,0.40,6.88722,1832,266
20260734,0.50,13.00000,962,74
20260734,0.60,10.00000,960,96
20260734,0.70,8.56349,1079,126
20260734,0.80,5.61340,1089,194
20260734,0.90,3.94697,1563,396
20260734,1.00,0.00000,0,1
20260735,0.40,6.99308,2021,289
20260735,0.50,9.22951,563,61
20260735,0.60,10.19512,836,82
20260735,0.70,7.15534,737,103
20260735,0.80,4.72165,916,194
20260735,0.90,4.27833,1737,406
20260735,1.00,2.75000,11,4
20260736,0.40,7.38258,1949,264
20260736,0.50,11.15294,948,85
20260736,0.60,9.97872,938,94
20260736,0.70,7.81197,914,117
20260736,0.80,4.55500,911,200
20260736,0.90,3.88378,1437,370
20260736,1.00,3.80000,38,10
20260737,0.40,7.52203,2219,295
20260737,0.50,12.61644,921,73
20260737,0.60,10.62222,956,90
20260737,0.70,7.94340,842,106
20260737,0.80,4.82474,936,194
20260737,0.90,3.88402,1507,388
20260737,1.00,2.75000,11,4
20260738,0.40,6.71071,1879,280
20260738,0.50,12.16667,876,72
20260738,0.60,10.43678,908,87
20260738,0.70,7.59615,790,104
20260738,0.80,6.33838,1255,198
20260738,0.90,3.83242,1395,364
20260738,1.00,3.25000,52,16
20260739,0.40,8.04870,2479,308
20260739,0.50,10.57576,698,66
20260739,0.60,9.80000,1029,105
20260739,0.70,7.88073,859,109
20260739,0.80,4.82234,950,197
20260739,0.90,4.01159,1384,345
20260739,1.00,2.40000,12,5
20260740,0.40,6.14695,1715,279
20260740,0.50,12.88235,1095,85
20260740,0.60,8.35632,727,87
20260740,0.70,8.20635,1034,126
20260740,0.80,5.07246,1050,207
20260740,0.90,3.96601,1400,353
20260740,1.00,2.25000,18,8
20260741,0.40,7.34228,2188,298
20260741,0.50,10.04110,733,73
20260741,0.60,9.66667,783,81
20260741,0.70,8.10909,892,110
20260741,0.80,5.14286,1008,196
20260741,0.90,3.93282,1522,387
20260741,1.00,2.42857,17,7
20260742,0.40,7.54983,2197,291
20260742,0.50,13.10667,983,75
20260742,0.60,9.56436,966,101
20260742,0.70,8.02970,811,101
20260742,0.80,5.14689,911,177
20260742,0.90,3.63228,1373,378
20260742,1.00,1.85714,13,7
20260743,0.40,5.84266,1671,286
20260743,0.50,10.26230,626,61
20260743,0.60,10.11905,850,84
20260743,0.70,8.21739,945,115
20260743,0.80,6.06863,1238,204
20260743,0.90,3.76127,1418,377
20260743,1.00,1.70000,17,10
20260744,0.40,6.91057,1700,246
20260744,0.50,12.74286,892,70
20260744,0.60,10.32394,733,71
20260744,0.70,7.16129,1110,155
20260744,0.80,6.23529,1272,204
20260744,0.90,3.58127,1300,363
20260744,1.00,2.53846,33,13
20260745,0.40,6.73358,1845,274
20260745,0.50,11.81579,898,76
20260745,0.60,10.46377,722,69
20260745,0.70,7.30631,811,111
20260745,0.80,5.87129,1186,202
20260745,0.90,3.91557,1484,379
20260745,1.00,3.26667,49,15
20260746,0.40,7.33455,2017,275
20260746,0.50,10.35714,725,70
20260746,0.60,9.08140,781,86
20260746,0.70,8.83621,1025,116
20260746,0.80,5.75000,1035,180
20260746,0.90,3.80879,1474,387
20260746,1.00,2.14286,15,7
20260747,0.40,7.24436,1927,266
20260747,0.50,9.41791,631,67
20260747,0.60,10.89041,795,73
20260747,0.70,7.26446,879,121
20260747,0.80,6.53202,1326,203
20260747,0.90,3.69821,1446,391
20260747,1.00,2.80000,28,10
20260748,0.40,6.38676,1833,287
20260748,0.50,11.18421,850,76
20260748,0.60,10.13580,821,81
20260748,0.70,7.78992,927,119
20260748,0.80,5.43172,1233,227
20260748,0.90,3.89766,1333,342
20260748,1.00,1.90909,21,11
20260749,0.40,6.80812,1845,271
20260749,0.50,11.47059,975,85
20260749,0.60,11.30693,1142,101
20260749,0.70,7.90909,783,99
20260749,0.80,5.35912,970,181
20260749,0.90,3.87437,1542,398
20260749,1.00,0.80000,4,5
20260750,0.40,6.58088,1790,272
20260750,0.50,10.21622,756,74
20260750,0.60,9.65934,879,91
20260750,0.70,7.93966,921,116
20260750,0.80,5.11823,1039,203
20260750,0.90,3.91429,1507,385
20260750,1.00,3.00000,18,6
20260751,0.40,7.52920,2063,274
20260751,0.50,11.74324,869,74
20260751,0.60,12.09434,1282,106
20260751,0.70,7.33929,822,112
20260751,0.80,5.97423,1159,194
20260751,0.90,3.42159,1331,389
20260751,1.00,1.50000,9,6
20260752,0.40,6.09286,1706,280
20260752,0.50,11.87500,1045,88
20260752,0.60,8.63542,829,96
20260752,0.70,6.92000,865,125
20260752,0.80,5.63068,991,176
20260752,0.90,3.60957,1433,397
20260752,1.00,2.44444,22,9
20260753,0.40,6.63103,1923,290
20260753,0.50,10.10465,869,86
20260753,0.60,10.20690,888,87
20260753,0.70,9.32432,1035,111
20260753,0.80,5.18085,974,188
20260753,0.90,3.58575,1359,379
20260753,1.00,2.07143,29,14
20260754,0.40,6.34701,1701,268
20260754,0.50,13.18182,1015,77
20260754,0.60,10.87342,859,79
20260754,0.70,7.97143,837,105
20260754,0.80,5.03333,1057,210
20260754,0.90,4.08374,1658,406
20260754,1.00,1.16667,7,6
20260755,0.40,7.19929,2023,281
20260755,0.50,11.12329,812,73
20260755,0.60,9.59000,959,100
20260755,0.70,9.14953,979,107
20260755,0.80,5.73737,1136,198
20260755,0.90,3.93593,1413,359
20260755,1.00,1.50000,9,6
20260756,0.40,7.60517,2061,271
20260756,0.50,9.70238,815,84
20260756,0.60,9.16279,788,86
20260756,0.70,8.23729,972,118
20260756,0.80,4.96535,1003,202
20260756,0.90,3.55897,1388,390
20260756,1.00,3.44444,31,9
20260757,0.40,6.50000,1729,266
20260757,0.50,13.02439,1068,82
20260757,0.60,9.58140,824,86
20260757,0.70,7.23200,904,125
20260757,0.80,5.45581,1173,215
20260757,0.90,3.88493,1418,365
20260757,1.00,3.80000,19,5
20260758,0.40,7.38550,1935,262
20260758,0.50,11.74419,1010,86
20260758,0.60,9.53846,868,91
20260758,0.70,7.18605,927,129
20260758,0.80,5.45455,1080,198
20260758,0.90,4.06329,1605,395
20260758,1.00,4.28571,30,7
20260759,0.40,8.37755,2463,294
20260759,0.50,11.85714,913,77
20260759,0.60,10.74468,1010,94
20260759,0.70,7.66972,836,109
20260759,0.80,5.68599,1177,207
20260759,0.90,3.40223,1218,358
20260759,1.00,2.12500,17,8
