scenario,arm,metric,n,n_missing,mean,sd,median,q1,q3,ci_lo,ci_hi
S1,A0,detection_latency,2,52,269.0,119.50104602052653,269.0,226.75,311.25,184.5,353.5
S1,A0,containment_latency,2,52,380.9897950137849,63.01565828857636,380.9897950137849,358.7103953653916,403.26919466217817,336.43099571699827,425.5485943105715
S1,A0,t_service_restore,2,52,426.5,61.518289963229634,426.5,404.75,448.25,383.0,470.0
S1,A0,nri,54,0,0.7608551645435726,0.03460199561893912,0.7541758485821408,0.7540707379675982,0.754237131673469,0.7541411081660866,0.7711663778902099
S1,A0,fp_rate_holdout,54,0,0.013541666666666629,0.002875096844599864,0.0139583333333333,0.010937499999999975,0.0154166666666666,0.012793016975308597,0.014305555555555516
S1,A0,blast_recall,54,0,0.4166666666666667,0.13563268933075956,0.5,0.2,0.5,0.37777777777777777,0.45
S1,A0,whatif_abs_err,0,54,,,,,,,
S1,A0,orchestrator_cpu_s,54,0,0.00013010248148147407,2.510416205304039e-05,0.00012088799999965,0.00011343924999927501,0.0001334214999986,0.00012392805277747126,0.0001371410657413199
S1,A0,availability_below_amin,54,0,0.7320138888888892,0.07578592192313849,0.7466666666666666,0.7464583333333333,0.746875,0.7093248456790128,0.7467052469135806
S1,A0,action_regret,54,0,0.0,0.0,0.0,0.0,0.0,0.0,0.0
S1,A0,detected,54,0,0.037037037037037035,,,,,0.01021636794844559,0.12535176917275476
S1,A0,contained,54,0,0.037037037037037035,,,,,0.01021636794844559,0.12535176917275476
S1,A0,recovered,54,0,0.037037037037037035,,,,,0.01021636794844559,0.12535176917275476
S1,A0,policy_violation,54,0,0.0,,,,,0.0,0.0664135880908964
S1,A0,unsafe_action,54,0,0.0,,,,,0.0,0.0664135880908964
S1,A0,rollback,54,0,0.0,,,,,0.0,0.0664135880908964
S1,A0,action_optimal,54,0,1.0,,,,,0.9335864119091037,1.0
S1,A0,censored_restore,54,0,0.9629629629629629,,,,,0.8746482308272452,0.9897836320515545
S1,A1,detection_latency,2,52,269.0,119.50104602052653,269.0,226.75,311.25,184.5,353.5
S1,A1,containment_latency,2,52,286.0,119.50104602052653,286.0,243.75,328.25,201.5,370.5
S1,A1,t_service_restore,2,52,331.0,115.96551211459379,331.0,290.0,372.0,249.0,413.0
S1,A1,nri,54,0,0.7623252480530114,0.0420304542376581,0.7541623183945205,0.7540762533451388,0.754250124757992,0.754144800238881,0.7745903880366009
S1,A1,fp_rate_holdout,54,0,0.013541666666666629,0.002875096844599864,0.0139583333333333,0.010937499999999975,0.0154166666666666,0.012785493827160457,0.01428240740740736
S1,A1,blast_recall,54,0,0.4166666666666667,0.13563268933075956,0.5,0.2,0.5,0.3777777777777778,0.45
S1,A1,whatif_abs_err,0,54,,,,,,,
S1,A1,orchestrator_cpu_s,54,0,0.0001254830185185963,2.0125039181555462e-05,0.0001189440000004,0.0001155307500004,0.00012455475000015,0.00012063157407409011,0.0001311960634260146
S1,A1,availability_below_amin,54,0,0.729058641975309,0.09175789432679127,0.746875,0.7464583333333333,0.746875,0.7013078703703707,0.7467206790123461
S1,A1,action_regret,54,0,0.0,0.0,0.0,0.0,0.0,0.0,0.0
S1,A1,detected,54,0,0.037037037037037035,,,,,0.01021636794844559,0.12535176917275476
S1,A1,contained,54,0,0.037037037037037035,,,,,0.01021636794844559,0.12535176917275476
S1,A1,recovered,54,0,0.037037037037037035,,,,,0.01021636794844559,0.12535176917275476
S1,A1,policy_violation,54,0,0.0,,,,,0.0,0.0664135880908964
S1,A1,unsafe_action,54,0,0.0,,,,,0.0,0.0664135880908964
S1,A1,rollback,54,0,0.0,,,,,0.0,0.0664135880908964
S1,A1,action_optimal,54,0,1.0,,,,,0.9335864119091037,1.0
S1,A1,censored_restore,54,0,0.9629629629629629,,,,,0.8746482308272452,0.9897836320515545
S1,A2,detection_latency,54,0,35.370370370370374,4.489174804602214,35.25,32.0,39.0,34.21296296296296,36.56481481481482
S1,A2,containment_latency,54,0,52.37137037037037,4.489174804602214,52.250999999999976,49.000999999999976,56.000999999999976,51.17692592592593,53.59359259259259
S1,A2,t_service_restore,54,0,98.45370370370371,4.780333649165559,97.75,94.625,102.0,97.19421296296296,99.70370370370371
S1,A2,nri,54,0,0.9754944907829043,9.937504561859617e-05,0.9755046914693952,0.9754325071019014,0.9755690101074976,0.9754681071410178,0.975520097479494
S1,A2,fp_rate_holdout,54,0,0.019537037037037002,0.0034279674541230526,0.019374999999999948,0.016770833333333277,0.021979166666666626,0.01863425925925923,0.02045524691358022
S1,A2,blast_recall,54,0,0.4166666666666667,0.13563268933075956,0.5,0.2,0.5,0.37777777777777777,0.45
S1,A2,whatif_abs_err,0,54,,,,,,,
S1,A2,orchestrator_cpu_s,54,0,0.0001431331851852278,1.7577602000239407e-05,0.00013732949999995,0.0001309199999992,0.000151053750000625,0.00013871669768524022,0.00014800053009277582
S1,A2,availability_below_amin,54,0,0.07667438271604936,0.003857636539989761,0.0764583333333333,0.0733333333333333,0.07947916666666663,0.07564814814814812,0.07769290123456786
S1,A2,action_regret,54,0,0.0,0.0,0.0,0.0,0.0,0.0,0.0
S1,A2,detected,54,0,1.0,,,,,0.9335864119091037,1.0
S1,A2,contained,54,0,1.0,,,,,0.9335864119091037,1.0
S1,A2,recovered,54,0,1.0,,,,,0.9335864119091037,1.0
S1,A2,policy_violation,54,0,0.0,,,,,0.0,0.0664135880908964
S1,A2,unsafe_action,54,0,0.0,,,,,0.0,0.0664135880908964
S1,A2,rollback,54,0,0.0,,,,,0.0,0.0664135880908964
S1,A2,action_optimal,54,0,1.0,,,,,0.9335864119091037,1.0
S1,A2,censored_restore,54,0,0.0,,,,,0.0,0.0664135880908964
S1,A3,detection_latency,54,0,35.370370370370374,4.489174804602214,35.25,32.0,39.0,34.175925925925924,36.56481481481482
S1,A3,containment_latency,54,0,52.37137037037037,4.489174804602214,52.250999999999976,49.000999999999976,56.000999999999976,51.19544444444445,53.538037037037036
S1,A3,t_service_restore,54,0,99.0,4.652043576103115,99.0,95.625,102.25,97.75925925925925,100.22222222222223
S1,A3,nri,54,0,0.9755158030112057,0.00010721444602188248,0.9755124609688307,0.975440969269647,0.975593328405004,0.9754878447148436,0.9755444415245699
S1,A3,fp_rate_holdout,54,0,0.019537037037037002,0.0034279674541230526,0.019374999999999948,0.016770833333333277,0.021979166666666626,0.018641975308641947,0.020447530864197497
S1,A3,blast_recall,54,0,0.5277777777777778,0.045210896443586515,0.5,0.5,0.6,0.5166666666666666,0.5407407407407407
S1,A3,whatif_abs_err,54,0,0.2061270569181683,0.02171384424828502,0.20824179058998077,0.19037004708216249,0.21976167147247988,0.2002987818251803,0.21181270495735338
S1,A3,orchestrator_cpu_s,54,0,0.0009606137592588869,0.00011286212057372015,0.0009363385000007,0.000874848250000475,0.001009283500000125,0.0009319579513885649,0.000992388047684654
S1,A3,availability_below_amin,54,0,0.07672067901234565,0.0038775869638627693,0.07666666666666665,0.0733333333333333,0.08,0.07570216049382711,0.07774710648148146
S1,A3,action_regret,54,0,0.0,0.0,0.0,0.0,0.0,0.0,0.0
S1,A3,detected,54,0,1.0,,,,,0.9335864119091037,1.0
S1,A3,contained,54,0,1.0,,,,,0.9335864119091037,1.0
S1,A3,recovered,54,0,1.0,,,,,0.9335864119091037,1.0
S1,A3,policy_violation,54,0,0.0,,,,,0.0,0.0664135880908964
S1,A3,unsafe_action,54,0,0.0,,,,,0.0,0.0664135880908964
S1,A3,rollback,54,0,0.0,,,,,0.0,0.0664135880908964
S1,A3,action_optimal,54,0,1.0,,,,,0.9335864119091037,1.0
S1,A3,censored_restore,54,0,0.0,,,,,0.0,0.0664135880908964
S1,A4,detection_latency,54,0,35.370370370370374,4.489174804602214,35.25,32.0,39.0,34.175694444444446,36.583333333333336
S1,A4,containment_latency,54,0,52.37137037037037,4.489174804602214,52.250999999999976,49.000999999999976,56.000999999999976,51.20470370370371,53.565814814814814
S1,A4,t_service_restore,54,0,99.00925925925925,4.704966004269079,98.5,95.5,102.375,97.79629629629629,100.24074074074075
S1,A4,nri,54,0,0.9754834828353056,0.00013124232307333065,0.9754959622206316,0.9754059934408787,0.9755697937195159,0.9754490736904786,0.9755177483934451
S1,A4,fp_rate_holdout,54,0,0.019537037037037002,0.0034279674541230526,0.019374999999999948,0.016770833333333277,0.021979166666666626,0.018634259259259225,0.020439814814814782
S1,A4,blast_recall,54,0,0.4166666666666667,0.13563268933075956,0.5,0.2,0.5,0.37777777777777777,0.45
S1,A4,whatif_abs_err,0,54,,,,,,,
S1,A4,orchestrator_cpu_s,54,0,0.00015093785185179073,2.9218470502535533e-05,0.00013853550000135002,0.000130202999999375,0.00016959549999992499,0.00014371126157381703,0.00015885185000051564
S1,A4,availability_below_amin,54,0,0.07673611111111109,0.0039310337990864095,0.0764583333333333,0.07375,0.07989583333333333,0.07570216049382715,0.0778009259259259
S1,A4,action_regret,54,0,0.0,0.0,0.0,0.0,0.0,0.0,0.0
S1,A4,detected,54,0,1.0,,,,,0.9335864119091037,1.0
S1,A4,contained,54,0,1.0,,,,,0.9335864119091037,1.0
S1,A4,recovered,54,0,1.0,,,,,0.9335864119091037,1.0
S1,A4,policy_violation,54,0,0.0,,,,,0.0,0.0664135880908964
S1,A4,unsafe_action,54,0,0.0,,,,,0.0,0.0664135880908964
S1,A4,rollback,54,0,0.0,,,,,0.0,0.0664135880908964
S1,A4,action_optimal,54,0,1.0,,,,,0.9335864119091037,1.0
S1,A4,censored_restore,54,0,0.0,,,,,0.0,0.0664135880908964
S1,A5,detection_latency,54,0,35.370370370370374,4.489174804602214,35.25,32.0,39.0,34.19444444444444,36.583333333333336
S1,A5,containment_latency,54,0,52.37137037037037,4.489174804602214,52.250999999999976,49.000999999999976,56.000999999999976,51.18618518518519,53.565814814814814
S1,A5,t_service_restore,54,0,98.32407407407408,4.928888090201506,98.0,95.5,101.375,97.02777777777777,99.63912037037036
S1,A5,nri,54,0,0.975481407590778,9.374007333713462e-05,0.9754837663781375,0.9754064473980297,0.9755607271880143,0.9754568464731492,0.9755052934206548
S1,A5,fp_rate_holdout,54,0,0.019537037037037002,0.0034279674541230526,0.019374999999999948,0.016770833333333277,0.021979166666666626,0.01864197530864194,0.020455246913580204
S1,A5,blast_recall,54,0,0.7166666666666666,0.21609746228854046,0.8,0.5,1.0,0.6592592592592591,0.7759259259259258
S1,A5,whatif_abs_err,54,0,0.031153501808778294,0.017200910906280568,0.028928786320611098,0.018763227048983477,0.04162616120693522,0.02675302967795442,0.03578345038648878
S1,A5,orchestrator_cpu_s,54,0,0.0009730779629629129,0.00010889203432654443,0.00095519849999865,0.000888409499999,0.0010168214999976251,0.0009466223555553334,0.0010036942532407804
S1,A5,availability_below_amin,54,0,0.07654320987654319,0.003950882286782229,0.0764583333333333,0.07375,0.0791666666666666,0.0754938271604938,0.07756172839506169
S1,A5,action_regret,54,0,0.0,0.0,0.0,0.0,0.0,0.0,0.0
S1,A5,detected,54,0,1.0,,,,,0.9335864119091037,1.0
S1,A5,contained,54,0,1.0,,,,,0.9335864119091037,1.0
S1,A5,recovered,54,0,1.0,,,,,0.9335864119091037,1.0
S1,A5,policy_violation,54,0,0.0,,,,,0.0,0.0664135880908964
S1,A5,unsafe_action,54,0,0.0,,,,,0.0,0.0664135880908964
S1,A5,rollback,54,0,0.0,,,,,0.0,0.0664135880908964
S1,A5,action_optimal,54,0,1.0,,,,,0.9335864119091037,1.0
S1,A5,censored_restore,54,0,0.0,,,,,0.0,0.0664135880908964
S2,A0,detection_latency,0,54,,,,,,,
S2,A0,containment_latency,0,54,,,,,,,
S2,A0,t_service_restore,0,54,,,,,,,
S2,A0,nri,54,0,0.9016589963595251,0.00011217601364950739,0.9016279202091357,0.9015795894831773,0.9017564159147371,0.9016291191768453,0.9016892322464802
S2,A0,fp_rate_holdout,54,0,0.01266975308641972,0.002511136775315186,0.01312499999999995,0.010937499999999975,0.0141666666666666,0.011990740740740712,0.013317901234567867
S2,A0,blast_recall,54,0,0.0,0.0,0.0,0.0,0.0,0.0,0.0
S2,A0,whatif_abs_err,0,54,,,,,,,
S2,A0,orchestrator_cpu_s,54,0,0.00013306066666714077,3.384700285793537e-05,0.00012031500000014999,0.00011602600000075,0.0001316507499977,0.0001247684189821672,0.00014269033333384073
S2,A0,availability_below_amin,54,0,0.7416975308641975,0.00040954488990722703,0.741875,0.7414583333333333,0.741875,0.7415895061728395,0.7418055555555556
S2,A0,action_regret,54,0,0.0,0.0,0.0,0.0,0.0,0.0,0.0
S2,A0,detected,54,0,0.0,,,,,0.0,0.0664135880908964
S2,A0,contained,54,0,0.0,,,,,0.0,0.0664135880908964
S2,A0,recovered,54,0,0.0,,,,,0.0,0.0664135880908964
S2,A0,policy_violation,54,0,0.0,,,,,0.0,0.0664135880908964
S2,A0,unsafe_action,54,0,0.0,,,,,0.0,0.0664135880908964
S2,A0,rollback,54,0,0.0,,,,,0.0,0.0664135880908964
S2,A0,action_optimal,54,0,1.0,,,,,0.9335864119091037,1.0
S2,A0,censored_restore,54,0,1.0,,,,,0.9335864119091037,1.0
S2,A1,detection_latency,0,54,,,,,,,
S2,A1,containment_latency,0,54,,,,,,,
S2,A1,t_service_restore,0,54,,,,,,,
S2,A1,nri,54,0,0.9016538778029015,0.00014960471112786662,0.9016554109258772,0.9015491659543575,0.9017599394242763,0.9016141573133847,0.9016933503887209
S2,A1,fp_rate_holdout,54,0,0.01266975308641972,0.002511136775315186,0.01312499999999995,0.010937499999999975,0.0141666666666666,0.011998456790123428,0.013317901234567865
S2,A1,blast_recall,54,0,0.0,0.0,0.0,0.0,0.0,0.0,0.0
S2,A1,whatif_abs_err,0,54,,,,,,,
S2,A1,orchestrator_cpu_s,54,0,0.00012765012962992036,1.890382309647326e-05,0.00012078400000165,0.000116285250001175,0.000126874749999325,0.00012298797592652389,0.0001328925384262626
S2,A1,availability_below_amin,54,0,0.7416743827160495,0.00047707357135338914,0.7414583333333333,0.7414583333333333,0.741875,0.741550925925926,0.7418055555555556
S2,A1,action_regret,54,0,0.0,0.0,0.0,0.0,0.0,0.0,0.0
S2,A1,detected,54,0,0.0,,,,,0.0,0.0664135880908964
S2,A1,contained,54,0,0.0,,,,,0.0,0.0664135880908964
S2,A1,recovered,54,0,0.0,,,,,0.0,0.0664135880908964
S2,A1,policy_violation,54,0,0.0,,,,,0.0,0.0664135880908964
S2,A1,unsafe_action,54,0,0.0,,,,,0.0,0.0664135880908964
S2,A1,rollback,54,0,0.0,,,,,0.0,0.0664135880908964
S2,A1,action_optimal,54,0,1.0,,,,,0.9335864119091037,1.0
S2,A1,censored_restore,54,0,1.0,,,,,0.9335864119091037,1.0
S2,A2,detection_latency,3,51,540.0,235.02553052806837,417.0,404.5,614.0,392.0,811.0
S2,A2,containment_latency,3,51,557.001,235.02553052806837,434.001,421.501,631.001,409.001,828.0009999999999
S2,A2,t_service_restore,3,51,576.3333333333334,235.183084709197,453.5,440.75,650.5,428.0,847.5
S2,A2,nri,54,0,0.9058103446231471,0.01774068188811483,0.9016784373605908,0.9015819999681995,0.9017474669032693,0.9016566158481734,0.9112471071059532
S2,A2,fp_rate_holdout,54,0,0.018850308641975275,0.002891213267593382,0.01854166666666665,0.0170833333333333,0.0208333333333333,0.018086419753086384,0.019622106481481445
S2,A2,blast_recall,54,0,0.0,0.0,0.0,0.0,0.0,0.0,0.0
S2,A2,whatif_abs_err,0,54,,,,,,,
S2,A2,orchestrator_cpu_s,54,0,0.00015296088888857776,3.2517370755819885e-05,0.000138418499997,0.00013341799999805,0.00016623300000109998,0.00014495985046267674,0.0001624494046293769
S2,A2,availability_below_amin,54,0,0.7266628086419753,0.07314955498447004,0.7414583333333333,0.7414583333333333,0.741875,0.7051658950617283,0.7416666666666666
S2,A2,action_regret,54,0,0.0,0.0,0.0,0.0,0.0,0.0,0.0
S2,A2,detected,54,0,0.05555555555555555,,,,,0.0190732684546909,0.15107214318166143
S2,A2,contained,54,0,0.05555555555555555,,,,,0.0190732684546909,0.15107214318166143
S2,A2,recovered,54,0,0.05555555555555555,,,,,0.0190732684546909,0.15107214318166143
S2,A2,policy_violation,54,0,0.0,,,,,0.0,0.0664135880908964
S2,A2,unsafe_action,54,0,0.0,,,,,0.0,0.0664135880908964
S2,A2,rollback,54,0,0.0,,,,,0.0,0.0664135880908964
S2,A2,action_optimal,54,0,1.0,,,,,0.9335864119091037,1.0
S2,A2,censored_restore,54,0,0.9444444444444444,,,,,0.8489278568183386,0.9809267315453091
S2,A3,detection_latency,3,51,540.0,235.02553052806837,417.0,404.5,614.0,392.0,811.0
S2,A3,containment_latency,3,51,557.001,235.02553052806837,434.001,421.501,631.001,409.001,828.0009999999999
S2,A3,t_service_restore,3,51,577.8333333333334,236.02136202753624,454.0,441.75,652.0,429.5,850.0
S2,A3,nri,54,0,0.9056651147911805,0.017074898796658418,0.9016779918339792,0.9016041529772966,0.9017629570626917,0.9016742660661194,0.9109699105656842
S2,A3,fp_rate_holdout,54,0,0.018850308641975275,0.002891213267593382,0.01854166666666665,0.0170833333333333,0.0208333333333333,0.01806327160493824,0.01961419753086417
S2,A3,blast_recall,54,0,0.0,0.0,0.0,0.0,0.0,0.0,0.0
S2,A3,whatif_abs_err,54,0,0.0203368064450883,0.002452466593190238,0.02036325461755545,0.0191185962995443,0.02165482134250775,0.019701555520608715,0.02097573968055844
S2,A3,orchestrator_cpu_s,54,0,0.0009419019259259039,9.541747316459374e-05,0.0009183614999992,0.0008714677499987501,0.00098719450000035,0.0009170999189813704,0.0009684402717595682
S2,A3,availability_below_amin,54,0,0.7266628086419755,0.07316670394608303,0.7414583333333333,0.7414583333333333,0.741875,0.7050921103395064,0.7416280864197531
S2,A3,action_regret,54,0,0.04425604149804963,0.011881131655731928,0.042675758010356404,0.0369000434876693,0.051611091406052224,0.04115736485745989,0.04746468040206263
S2,A3,detected,54,0,0.05555555555555555,,,,,0.0190732684546909,0.15107214318166143
S2,A3,contained,54,0,0.05555555555555555,,,,,0.0190732684546909,0.15107214318166143
S2,A3,recovered,54,0,0.05555555555555555,,,,,0.0190732684546909,0.15107214318166143
S2,A3,policy_violation,54,0,0.0,,,,,0.0,0.0664135880908964
S2,A3,unsafe_action,54,0,0.0,,,,,0.0,0.0664135880908964
S2,A3,rollback,54,0,0.0,,,,,0.0,0.0664135880908964
S2,A3,action_optimal,54,0,0.0,,,,,0.0,0.0664135880908964
S2,A3,censored_restore,54,0,0.9444444444444444,,,,,0.8489278568183386,0.9809267315453091
S2,A4,detection_latency,54,0,123.36111111111111,99.93759452149196,96.0,54.25,181.0,97.31458333333333,150.88009259259258
S2,A4,containment_latency,54,0,140.36211111111112,99.93759452149196,113.00099999999998,71.25099999999998,198.001,115.04706481481482,167.7234537037037
S2,A4,t_service_restore,54,0,160.80555555555554,100.14943629993614,133.0,92.125,216.75,134.9974537037037,188.46319444444444
S2,A4,nri,54,0,0.9898084196689799,0.0005116296101729507,0.9897869790180674,0.9897304080198811,0.9899052752104708,0.9896637168104269,0.9899377922811807
S2,A4,fp_rate_holdout,54,0,0.018850308641975275,0.002891213267593382,0.01854166666666665,0.0170833333333333,0.0208333333333333,0.018070987654320955,0.019614197530864158
S2,A4,blast_recall,54,0,0.16049382716049376,0.03177097951549769,0.1666666666666666,0.1666666666666666,0.1666666666666666,0.15123456790123452,0.16666666666666657
S2,A4,whatif_abs_err,0,54,,,,,,,
S2,A4,orchestrator_cpu_s,54,0,0.00015497937037031297,2.7551884100989234e-05,0.00014284550000095,0.000134058500000425,0.00017480950000245,0.00014793544768517932,0.00016242144212960893
S2,A4,availability_below_amin,54,0,0.12383487654320983,0.08334753729693849,0.10020833333333329,0.06718749999999996,0.17135416666666664,0.10339506172839506,0.14646624228395058
S2,A4,action_regret,54,0,0.0,0.0,0.0,0.0,0.0,0.0,0.0
S2,A4,detected,54,0,1.0,,,,,0.9335864119091037,1.0
S2,A4,contained,54,0,1.0,,,,,0.9335864119091037,1.0
S2,A4,recovered,54,0,1.0,,,,,0.9335864119091037,1.0
S2,A4,policy_violation,54,0,0.0,,,,,0.0,0.0664135880908964
S2,A4,unsafe_action,54,0,0.0,,,,,0.0,0.0664135880908964
S2,A4,rollback,54,0,0.0,,,,,0.0,0.0664135880908964
S2,A4,action_optimal,54,0,1.0,,,,,0.9335864119091037,1.0
S2,A4,censored_restore,54,0,0.0,,,,,0.0,0.0664135880908964
S2,A5,detection_latency,54,0,100.28703703703704,97.06798832309723,74.25,23.5,160.125,75.56412037037036,126.17592592592592
S2,A5,containment_latency,54,0,117.28803703703704,97.06798832309724,91.25099999999998,40.500999999999976,177.126,93.1021574074074,144.05771296296294
S2,A5,t_service_restore,54,0,137.4537037037037,97.32697606030214,109.5,61.625,196.875,113.02731481481482,164.6398148148148
S2,A5,nri,54,0,0.9898834203486745,0.0002970937665072653,0.9898390827815773,0.9897439931538152,0.9899258621724936,0.9898110059015097,0.9899687408158315
S2,A5,fp_rate_holdout,54,0,0.018850308641975275,0.002891213267593382,0.01854166666666665,0.0170833333333333,0.0208333333333333,0.018078703703703663,0.01962962962962959
S2,A5,blast_recall,54,0,0.16358024691358017,0.02268046058132571,0.1666666666666666,0.1666666666666666,0.1666666666666666,0.15740740740740733,0.16666666666666657
S2,A5,whatif_abs_err,54,0,0.02217731551945783,0.01633776700618127,0.01657634084633905,0.00947700645609475,0.035862242921134796,0.017950551282965365,0.026627249684628203
S2,A5,orchestrator_cpu_s,54,0,0.0010046852222217889,0.00019186303024426108,0.0009435005000003999,0.00088616824999825,0.0010732717500005502,0.0009596807416659825,0.001059996482869629
S2,A5,availability_below_amin,54,0,0.10471450617283946,0.0809381745730076,0.08229166666666665,0.04177083333333328,0.1540625,0.0845293209876543,0.12645081018518517
S2,A5,action_regret,54,0,0.0,0.0,0.0,0.0,0.0,0.0,0.0
S2,A5,detected,54,0,1.0,,,,,0.9335864119091037,1.0
S2,A5,contained,54,0,1.0,,,,,0.9335864119091037,1.0
S2,A5,recovered,54,0,1.0,,,,,0.9335864119091037,1.0
S2,A5,policy_violation,54,0,0.0,,,,,0.0,0.0664135880908964
S2,A5,unsafe_action,54,0,0.0,,,,,0.0,0.0664135880908964
S2,A5,rollback,54,0,0.0,,,,,0.0,0.0664135880908964
S2,A5,action_optimal,54,0,1.0,,,,,0.9335864119091037,1.0
S2,A5,censored_restore,54,0,0.0,,,,,0.0,0.0664135880908964
S3,A0,detection_latency,54,0,5.472222222222222,1.006660210733599,5.5,5.0,6.0,5.194444444444445,5.7407407407407405
S3,A0,containment_latency,54,0,238.25230228223896,119.65039683501885,207.35235778148117,151.55851611906962,314.25364805996503,207.99684897088952,271.32360788515086
S3,A0,t_service_restore,54,0,322.4259259259259,119.91854182591943,291.0,239.125,400.5,291.0826388888889,356.1858796296296
S3,A0,nri,54,0,0.6938563908742871,0.13431850935072212,0.7288505709193539,0.6071041633540832,0.7915213357336733,0.6576187998520262,0.7280179695209839
S3,A0,fp_rate_holdout,54,0,0.012569444444444407,0.002300405009459682,0.01229166666666665,0.010937499999999975,0.013958333333333274,0.01196759259259255,0.013202160493827117
S3,A0,blast_recall,54,0,0.4444444444444444,0.11762855940383433,0.5,0.5,0.5,0.4111111111111111,0.4722222222222222
S3,A0,whatif_abs_err,0,54,,,,,,,
S3,A0,orchestrator_cpu_s,54,0,0.000127485351852037,2.2493646262203708e-05,0.00011783099999980001,0.00011396425000312501,0.00012972624999994998,0.00012169667129634567,0.0001337218000001005
S3,A0,availability_below_amin,54,0,0.263341049382716,0.09969320373628818,0.23666666666666664,0.19145833333333329,0.32635416666666667,0.2377391975308642,0.2904716435185185
S3,A0,action_regret,54,0,0.0,0.0,0.0,0.0,0.0,0.0,0.0
S3,A0,detected,54,0,1.0,,,,,0.9335864119091037,1.0
S3,A0,contained,54,0,1.0,,,,,0.9335864119091037,1.0
S3,A0,recovered,54,0,1.0,,,,,0.9335864119091037,1.0
S3,A0,policy_violation,54,0,0.0,,,,,0.0,0.0664135880908964
S3,A0,unsafe_action,54,0,0.0,,,,,0.0,0.0664135880908964
S3,A0,rollback,54,0,0.0,,,,,0.0,0.0664135880908964
S3,A0,action_optimal,54,0,1.0,,,,,0.9335864119091037,1.0
S3,A0,censored_restore,54,0,0.0,,,,,0.0,0.0664135880908964
S3,A1,detection_latency,54,0,5.472222222222222,1.006660210733599,5.5,5.0,6.0,5.203703703703703,5.7407407407407405
S3,A1,containment_latency,54,0,22.47222222222222,1.006660210733599,22.5,22.0,23.0,22.203703703703702,22.73148148148148
S3,A1,t_service_restore,54,0,106.3425925925926,2.65788977523572,105.5,104.5,108.0,105.66666666666667,107.07407407407408
S3,A1,nri,54,0,0.9376526795674323,0.0008666183878487001,0.9375601464991301,0.9371722010552972,0.9380385707682685,0.9374289117732835,0.9378865906805359
S3,A1,fp_rate_holdout,54,0,0.012569444444444407,0.002300405009459682,0.01229166666666665,0.010937499999999975,0.013958333333333274,0.011975308641975269,0.013179012345678975
S3,A1,blast_recall,54,0,0.4444444444444444,0.11762855940383433,0.5,0.5,0.5,0.4111111111111111,0.4722222222222222
S3,A1,whatif_abs_err,0,54,,,,,,,
S3,A1,orchestrator_cpu_s,54,0,0.00013453612962982962,3.363172436933545e-05,0.0001192104999994,0.0001141070000001,0.000141227499999825,0.00012615736203711546,0.00014398250231508893
S3,A1,availability_below_amin,54,0,0.08363425925925921,0.0012016777957538443,0.08375,0.0829166666666666,0.08447916666666663,0.08331790123456785,0.0839429012345679
S3,A1,action_regret,54,0,0.0,0.0,0.0,0.0,0.0,0.0,0.0
S3,A1,detected,54,0,1.0,,,,,0.9335864119091037,1.0
S3,A1,contained,54,0,1.0,,,,,0.9335864119091037,1.0
S3,A1,recovered,54,0,1.0,,,,,0.9335864119091037,1.0
S3,A1,policy_violation,54,0,0.0,,,,,0.0,0.0664135880908964
S3,A1,unsafe_action,54,0,0.0,,,,,0.0,0.0664135880908964
S3,A1,rollback,54,0,0.0,,,,,0.0,0.0664135880908964
S3,A1,action_optimal,54,0,1.0,,,,,0.9335864119091037,1.0
S3,A1,censored_restore,54,0,0.0,,,,,0.0,0.0664135880908964
S3,A2,detection_latency,54,0,5.296296296296297,1.0210913441967722,5.5,4.625,6.0,5.027777777777778,5.574074074074074
S3,A2,containment_latency,54,0,22.297296296296274,1.021091344196772,22.500999999999976,21.625999999999976,23.000999999999976,22.028777777777755,22.56581481481479
S3,A2,t_service_restore,54,0,105.37962962962963,2.821640071027181,105.5,103.0,107.0,104.66666666666667,106.14814814814815
S3,A2,nri,54,0,0.937817130438505,0.0009166610759550784,0.9377174524511769,0.9372946848982359,0.9382755799241154,0.9375732341557867,0.9380672755771159
S3,A2,fp_rate_holdout,54,0,0.018526234567901194,0.0025859351917743613,0.01875,0.01635416666666665,0.0204166666666666,0.017854938271604896,0.019220679012345636
S3,A2,blast_recall,54,0,0.4444444444444444,0.11762855940383433,0.5,0.5,0.5,0.4111111111111111,0.4722222222222222
S3,A2,whatif_abs_err,0,54,,,,,,,
S3,A2,orchestrator_cpu_s,54,0,0.00016050681481465928,3.513276823831114e-05,0.0001408485000009,0.000134195249998425,0.0001893542499986,0.0001514174749999494,0.00017003554999936847
S3,A2,availability_below_amin,54,0,0.08344135802469131,0.0014255299530972945,0.0833333333333333,0.08218749999999997,0.0841666666666666,0.08307098765432096,0.08382735339506173
S3,A2,action_regret,54,0,0.0,0.0,0.0,0.0,0.0,0.0,0.0
S3,A2,detected,54,0,1.0,,,,,0.9335864119091037,1.0
S3,A2,contained,54,0,1.0,,,,,0.9335864119091037,1.0
S3,A2,recovered,54,0,1.0,,,,,0.9335864119091037,1.0
S3,A2,policy_violation,54,0,0.0,,,,,0.0,0.0664135880908964
S3,A2,unsafe_action,54,0,0.0,,,,,0.0,0.0664135880908964
S3,A2,rollback,54,0,0.0,,,,,0.0,0.0664135880908964
S3,A2,action_optimal,54,0,1.0,,,,,0.9335864119091037,1.0
S3,A2,censored_restore,54,0,0.0,,,,,0.0,0.0664135880908964
S3,A3,detection_latency,54,0,5.296296296296297,1.0210913441967722,5.5,4.625,6.0,5.027777777777778,5.564814814814815
S3,A3,containment_latency,54,0,22.297296296296274,1.021091344196772,22.500999999999976,21.625999999999976,23.000999999999976,22.028777777777755,22.56581481481479
S3,A3,t_service_restore,54,0,104.91666666666667,2.750214399875584,104.75,103.0,106.375,104.19444444444444,105.6761574074074
S3,A3,nri,54,0,0.9378097955024695,0.0008868421095950396,0.9377141783833578,0.9372308329556791,0.9383661514138842,0.9375757409100335,0.9380490539155867
S3,A3,fp_rate_holdout,54,0,0.018526234567901194,0.0025859351917743613,0.01875,0.01635416666666665,0.0204166666666666,0.01784722222222218,0.019212962962962928
S3,A3,blast_recall,54,0,0.5185185185185185,0.03920951980127811,0.5,0.5,0.5,0.5092592592592593,0.5296296296296297
S3,A3,whatif_abs_err,54,0,0.21599868093452626,0.024334672995949002,0.21029422654601665,0.1995533671177468,0.2345616490956933,0.20957717332156744,0.22242974880053823
S3,A3,orchestrator_cpu_s,54,0,0.0009556166851851407,0.0001277393917832879,0.00093706,0.0008775185,0.00099462700000025,0.0009260552736112808,0.000992375258795974
S3,A3,availability_below_amin,54,0,0.08301697530864197,0.0011387472001992503,0.0829166666666666,0.08218749999999997,0.08375,0.08270833333333329,0.08331790123456788
S3,A3,action_regret,54,0,0.0,0.0,0.0,0.0,0.0,0.0,0.0
S3,A3,detected,54,0,1.0,,,,,0.9335864119091037,1.0
S3,A3,contained,54,0,1.0,,,,,0.9335864119091037,1.0
S3,A3,recovered,54,0,1.0,,,,,0.9335864119091037,1.0
S3,A3,policy_violation,54,0,0.0,,,,,0.0,0.0664135880908964
S3,A3,unsafe_action,54,0,0.0,,,,,0.0,0.0664135880908964
S3,A3,rollback,54,0,0.0,,,,,0.0,0.0664135880908964
S3,A3,action_optimal,54,0,1.0,,,,,0.9335864119091037,1.0
S3,A3,censored_restore,54,0,0.0,,,,,0.0,0.0664135880908964
S3,A4,detection_latency,54,0,5.296296296296297,1.0210913441967722,5.5,4.625,6.0,5.018518518518518,5.564814814814815
S3,A4,containment_latency,54,0,22.297296296296274,1.021091344196772,22.500999999999976,21.625999999999976,23.000999999999976,22.028777777777755,22.56581481481479
S3,A4,t_service_restore,54,0,105.76851851851852,2.5930112220666928,106.0,104.0,107.875,105.0925925925926,106.45370370370371
S3,A4,nri,54,0,0.937793838432784,0.0008966245934348936,0.93765998361733,0.9372294996136254,0.9383292284828326,0.9375575281967885,0.938030976329165
S3,A4,fp_rate_holdout,54,0,0.018526234567901194,0.0025859351917743613,0.01875,0.01635416666666665,0.0204166666666666,0.017862654320987617,0.019197530864197496
S3,A4,blast_recall,54,0,0.4444444444444444,0.11762855940383433,0.5,0.5,0.5,0.4111111111111111,0.4722222222222222
S3,A4,whatif_abs_err,0,54,,,,,,,
S3,A4,orchestrator_cpu_s,54,0,0.00014909516666668332,2.8565457061523224e-05,0.00013891250000235,0.000133225000000725,0.0001470792499996,0.0001420402763886799,0.00015695555185180578
S3,A4,availability_below_amin,54,0,0.08356481481481479,0.0012556650107203983,0.0833333333333333,0.0829166666666666,0.0845833333333333,0.08324074074074071,0.08390432098765428
S3,A4,action_regret,54,0,0.0,0.0,0.0,0.0,0.0,0.0,0.0
S3,A4,detected,54,0,1.0,,,,,0.9335864119091037,1.0
S3,A4,contained,54,0,1.0,,,,,0.9335864119091037,1.0
S3,A4,recovered,54,0,1.0,,,,,0.9335864119091037,1.0
S3,A4,policy_violation,54,0,0.0,,,,,0.0,0.0664135880908964
S3,A4,unsafe_action,54,0,0.0,,,,,0.0,0.0664135880908964
S3,A4,rollback,54,0,0.0,,,,,0.0,0.0664135880908964
S3,A4,action_optimal,54,0,1.0,,,,,0.9335864119091037,1.0
S3,A4,censored_restore,54,0,0.0,,,,,0.0,0.0664135880908964
S3,A5,detection_latency,54,0,5.296296296296297,1.0210913441967722,5.5,4.625,6.0,5.027777777777778,5.574074074074074
S3,A5,containment_latency,54,0,22.297296296296274,1.021091344196772,22.500999999999976,21.625999999999976,23.000999999999976,22.028777777777755,22.56581481481479
S3,A5,t_service_restore,54,0,106.5925925925926,3.944274658996819,106.5,104.5,108.0,105.60185185185185,107.6574074074074
S3,A5,nri,54,0,0.9378107047332902,0.0008567033501284901,0.9377497288881667,0.9372683318684533,0.938301313604184,0.9375870199483035,0.9380408292404583
S3,A5,fp_rate_holdout,54,0,0.018526234567901194,0.0025859351917743613,0.01875,0.01635416666666665,0.0204166666666666,0.017847222222222184,0.019220679012345632
S3,A5,blast_recall,54,0,0.5185185185185185,0.03920951980127811,0.5,0.5,0.5,0.5092592592592593,0.5296296296296297
S3,A5,whatif_abs_err,54,0,0.11930494955878954,0.026832708337920876,0.11632576680429224,0.10440942239265277,0.13326429133297332,0.11212519872984238,0.12649743590520698
S3,A5,orchestrator_cpu_s,54,0,0.000959406944444263,0.00011415042458728683,0.00092656999999895,0.000885373749999825,0.000992747249999675,0.0009314260194439651,0.000990709654629133
S3,A5,availability_below_amin,54,0,0.0834104938271605,0.0012488833431441877,0.08354166666666665,0.0825,0.08447916666666663,0.08307098765432096,0.08374228395061724
S3,A5,action_regret,54,0,0.0,0.0,0.0,0.0,0.0,0.0,0.0
S3,A5,detected,54,0,1.0,,,,,0.9335864119091037,1.0
S3,A5,contained,54,0,1.0,,,,,0.9335864119091037,1.0
S3,A5,recovered,54,0,1.0,,,,,0.9335864119091037,1.0
S3,A5,policy_violation,54,0,0.0,,,,,0.0,0.0664135880908964
S3,A5,unsafe_action,54,0,0.0,,,,,0.0,0.0664135880908964
S3,A5,rollback,54,0,0.0,,,,,0.0,0.0664135880908964
S3,A5,action_optimal,54,0,1.0,,,,,0.9335864119091037,1.0
S3,A5,censored_restore,54,0,0.0,,,,,0.0,0.0664135880908964
S4,A0,detection_latency,0,54,,,,,,,
S4,A0,containment_latency,54,0,460.60407246693745,164.86190338734394,430.876076781489,345.0222437981989,508.09882056096615,419.16620291403103,505.2237374940186
S4,A0,t_service_restore,53,1,481.91509433962267,148.7845220395879,461.0,371.5,528.5,442.79103773584905,523.2844339622641
S4,A0,nri,54,0,0.887819157939598,0.02603471419912389,0.8873751930938226,0.8689440649666024,0.9082296153861104,0.8810047414232597,0.8946410847050322
S4,A0,fp_rate_holdout,54,0,0.0,0.0,0.0,0.0,0.0,0.0,0.0
S4,A0,blast_recall,54,0,0.05925925925925927,0.11898710651336172,0.0,0.0,0.0,0.02962962962962963,0.09259259259259259
S4,A0,whatif_abs_err,0,54,,,,,,,
S4,A0,orchestrator_cpu_s,54,0,0.00013520524074078332,3.676971956254581e-05,0.0001177740000004,0.0001123312499995,0.0001524332500002,0.00012638805462985642,0.0001458462824070117
S4,A0,availability_below_amin,54,0,0.4006365740740741,0.13156932065800317,0.37749999999999995,0.3064583333333333,0.4429166666666666,0.36741107253086414,0.43592775848765436
S4,A0,action_regret,54,0,0.0,0.0,0.0,0.0,0.0,0.0,0.0
S4,A0,detected,54,0,0.0,,,,,0.0,0.0664135880908964
S4,A0,contained,54,0,1.0,,,,,0.9335864119091037,1.0
S4,A0,recovered,54,0,0.9814814814814815,,,,,0.9022856251121808,0.9967235122817709
S4,A0,policy_violation,54,0,1.0,,,,,0.9335864119091037,1.0
S4,A0,unsafe_action,54,0,1.0,,,,,0.9335864119091037,1.0
S4,A0,rollback,54,0,0.0,,,,,0.0,0.0664135880908964
S4,A0,action_optimal,54,0,1.0,,,,,0.9335864119091037,1.0
S4,A0,censored_restore,54,0,0.018518518518518517,,,,,0.003276487718229061,0.09771437488781931
S4,A1,detection_latency,0,54,,,,,,,
S4,A1,containment_latency,54,0,462.01178122043905,152.68723342738892,448.8600999935806,379.2278236782249,544.4793789134012,423.39307781919416,502.7115866294366
S4,A1,t_service_restore,52,2,478.5192307692308,135.02025852131,478.25,403.75,566.125,442.759375,515.3079326923076
S4,A1,nri,54,0,0.8857150667541055,0.02725115508495396,0.8830917981936888,0.860528614253946,0.8999707512196408,0.8787341137726862,0.8928814604990502
S4,A1,fp_rate_holdout,54,0,0.0,0.0,0.0,0.0,0.0,0.0,0.0
S4,A1,blast_recall,54,0,0.05925925925925927,0.11898710651336172,0.0,0.0,0.0,0.02962962962962963,0.09444444444444444
S4,A1,whatif_abs_err,0,54,,,,,,,
S4,A1,orchestrator_cpu_s,54,0,0.00012768422222179628,2.3735145728316366e-05,0.00011836549999824999,0.0001152139999973,0.000130400249999725,0.00012184684444424675,0.00013437320833276824
S4,A1,availability_below_amin,54,0,0.4036033950617284,0.12731784881398545,0.3927083333333333,0.3340625,0.4721875,0.37041570216049396,0.4381878858024691
S4,A1,action_regret,54,0,0.0,0.0,0.0,0.0,0.0,0.0,0.0
S4,A1,detected,54,0,0.0,,,,,0.0,0.0664135880908964
S4,A1,contained,54,0,1.0,,,,,0.9335864119091037,1.0
S4,A1,recovered,54,0,0.9629629629629629,,,,,0.8746482308272452,0.9897836320515545
S4,A1,policy_violation,54,0,1.0,,,,,0.9335864119091037,1.0
S4,A1,unsafe_action,54,0,1.0,,,,,0.9335864119091037,1.0
S4,A1,rollback,54,0,1.0,,,,,0.9335864119091037,1.0
S4,A1,action_optimal,54,0,1.0,,,,,0.9335864119091037,1.0
S4,A1,censored_restore,54,0,0.037037037037037035,,,,,0.01021636794844559,0.12535176917275476
S4,A2,detection_latency,18,36,0.0,0.0,0.0,0.0,0.0,0.0,0.0
S4,A2,containment_latency,54,0,320.7701900800409,247.4854769961796,402.155144709909,17.000999999999976,486.5760880929314,255.16327774281788,387.02225145598925
S4,A2,t_service_restore,53,1,338.50943396226415,227.96745066595577,432.5,49.5,511.0,277.9806603773585,398.6516509433962
S4,A2,nri,54,0,0.9176179040093885,0.05341887879397617,0.8945753435500632,0.874070150570095,0.9875794105798725,0.9039409220362484,0.9319956018554422
S4,A2,fp_rate_holdout,54,0,0.0,0.0,0.0,0.0,0.0,0.0,0.0
S4,A2,blast_recall,54,0,0.04629629629629631,0.1004010128547027,0.0,0.0,0.0,0.022222222222222223,0.07592592592592592
S4,A2,whatif_abs_err,0,54,,,,,,,
S4,A2,orchestrator_cpu_s,54,0,0.00013706251851844815,2.1814452464530105e-05,0.00013072050000135,0.000123437500000975,0.0001446944999985,0.00013160678796269855,0.00014307077777782627
S4,A2,availability_below_amin,54,0,0.2832754629629629,0.19859058721985992,0.35354166666666664,0.033437499999999974,0.42374999999999996,0.23067129629629632,0.33447164351851844
S4,A2,action_regret,54,0,0.0,0.0,0.0,0.0,0.0,0.0,0.0
S4,A2,detected,54,0,0.3333333333333333,,,,,0.22241416537492573,0.46639036398870637
S4,A2,contained,54,0,1.0,,,,,0.9335864119091037,1.0
S4,A2,recovered,54,0,0.9814814814814815,,,,,0.9022856251121808,0.9967235122817709
S4,A2,policy_violation,54,0,0.6666666666666666,,,,,0.5336096360112935,0.7775858346250742
S4,A2,unsafe_action,54,0,0.6666666666666666,,,,,0.5336096360112935,0.7775858346250742
S4,A2,rollback,54,0,0.6666666666666666,,,,,0.5336096360112935,0.7775858346250742
S4,A2,action_optimal,54,0,1.0,,,,,0.9335864119091037,1.0
S4,A2,censored_restore,54,0,0.018518518518518517,,,,,0.003276487718229061,0.09771437488781931
S4,A3,detection_latency,31,23,0.0,0.0,0.0,0.0,0.0,0.0,0.0
S4,A3,containment_latency,54,0,210.11605889077327,254.0475345781308,17.000999999999976,17.000999999999976,385.7252418288728,143.4075473875373,279.1100210079132
S4,A3,t_service_restore,54,0,241.27777777777777,253.7996102013649,50.25,47.625,418.5,175.57361111111112,309.74421296296293
S4,A3,nri,54,0,0.944551805279331,0.05453882900664082,0.987493612956613,0.8982331868417118,0.9876137462025056,0.9295309495352885,0.9585139686353482
S4,A3,fp_rate_holdout,54,0,0.0,0.0,0.0,0.0,0.0,0.0,0.0
S4,A3,blast_recall,54,0,0.11851851851851852,0.18022425660676733,0.0,0.0,0.2,0.07222222222222222,0.16851851851851848
S4,A3,whatif_abs_err,54,0,0.0925772003495079,0.03705441208984672,0.0912624407842004,0.06716887221545433,0.1191847821128198,0.08290627699972428,0.10231217651416262
S4,A3,orchestrator_cpu_s,54,0,0.0008440397037033946,0.0001028472973900747,0.0008415579999994001,0.0007619849999968751,0.00089327374999735,0.0008176335722221911,0.0008717511245363359
S4,A3,availability_below_amin,54,0,0.19375,0.21167983604354332,0.0333333333333333,0.03260416666666665,0.34020833333333333,0.1399068287037037,0.25110609567901226
S4,A3,action_regret,54,0,0.0,0.0,0.0,0.0,0.0,0.0,0.0
S4,A3,detected,54,0,0.5740740740740741,,,,,0.4416273382599005,0.6966817598007073
S4,A3,contained,54,0,1.0,,,,,0.9335864119091037,1.0
S4,A3,recovered,54,0,1.0,,,,,0.9335864119091037,1.0
S4,A3,policy_violation,54,0,0.42592592592592593,,,,,0.30331824019929265,0.5583726617400995
S4,A3,unsafe_action,54,0,0.42592592592592593,,,,,0.30331824019929265,0.5583726617400995
S4,A3,rollback,54,0,0.42592592592592593,,,,,0.30331824019929265,0.5583726617400995
S4,A3,action_optimal,54,0,1.0,,,,,0.9335864119091037,1.0
S4,A3,censored_restore,54,0,0.0,,,,,0.0,0.0664135880908964
S4,A4,detection_latency,54,0,0.0,0.0,0.0,0.0,0.0,0.0,0.0
S4,A4,containment_latency,54,0,17.000999999999976,0.0,17.000999999999976,17.000999999999976,17.000999999999976,17.000999999999976,17.000999999999976
S4,A4,t_service_restore,54,0,48.23148148148148,1.8033327714418808,48.0,47.0,49.5,47.75925925925926,48.7037037037037
S4,A4,nri,54,0,0.9876049484965113,0.00010755620517340535,0.9876110256992928,0.9875365668873453,0.9876792797671575,0.9875766270389885,0.987632956336608
S4,A4,fp_rate_holdout,54,0,0.0,0.0,0.0,0.0,0.0,0.0,0.0
S4,A4,blast_recall,54,0,0.3833333333333333,0.1656889561457831,0.5,0.2,0.5,0.33888888888888885,0.42592592592592593
S4,A4,whatif_abs_err,0,54,,,,,,,
S4,A4,orchestrator_cpu_s,54,0,0.00013725503703750186,3.128487491031551e-05,0.0001242755000001,0.0001185225000002,0.000140069250003025,0.00012951914120371504,0.0001459592458334917
S4,A4,availability_below_amin,54,0,0.03276234567901231,0.0007252931539549029,0.0329166666666666,0.0325,0.0333333333333333,0.0325694444444444,0.032955246913580205
S4,A4,action_regret,54,0,0.0,0.0,0.0,0.0,0.0,0.0,0.0
S4,A4,detected,54,0,1.0,,,,,0.9335864119091037,1.0
S4,A4,contained,54,0,1.0,,,,,0.9335864119091037,1.0
S4,A4,recovered,54,0,1.0,,,,,0.9335864119091037,1.0
S4,A4,policy_violation,54,0,0.0,,,,,0.0,0.0664135880908964
S4,A4,unsafe_action,54,0,0.0,,,,,0.0,0.0664135880908964
S4,A4,rollback,54,0,0.0,,,,,0.0,0.0664135880908964
S4,A4,action_optimal,54,0,1.0,,,,,0.9335864119091037,1.0
S4,A4,censored_restore,54,0,0.0,,,,,0.0,0.0664135880908964
S4,A5,detection_latency,54,0,0.0,0.0,0.0,0.0,0.0,0.0,0.0
S4,A5,containment_latency,54,0,17.000999999999976,0.0,17.000999999999976,17.000999999999976,17.000999999999976,17.000999999999976,17.000999999999976
S4,A5,t_service_restore,54,0,48.44444444444444,1.8214307735659574,48.0,47.0,49.5,47.97222222222222,48.93518518518518
S4,A5,nri,54,0,0.9876018838886245,0.00010034779467498785,0.987582666558217,0.9875259787880519,0.987684125134224,0.9875761869635528,0.9876290392563195
S4,A5,fp_rate_holdout,54,0,0.0,0.0,0.0,0.0,0.0,0.0,0.0
S4,A5,blast_recall,54,0,0.4574074074074074,0.1512237525665907,0.5,0.5,0.5,0.4166203703703703,0.4944444444444445
S4,A5,whatif_abs_err,54,0,0.02541816278776138,0.0206594523574195,0.01914859068425565,0.008941637528047525,0.03771766702178522,0.02029599083617041,0.03110401197642741
S4,A5,orchestrator_cpu_s,54,0,0.0007955407222219664,9.392692574265866e-05,0.00076994349999985,0.00074994499999895,0.00081901949999885,0.0007729218032402954,0.000821024085184986
S4,A5,availability_below_amin,54,0,0.03296296296296292,0.0007578496741316294,0.0329166666666666,0.0325,0.0333333333333333,0.0327546296296296,0.03315586419753084
S4,A5,action_regret,54,0,0.0,0.0,0.0,0.0,0.0,0.0,0.0
S4,A5,detected,54,0,1.0,,,,,0.9335864119091037,1.0
S4,A5,contained,54,0,1.0,,,,,0.9335864119091037,1.0
S4,A5,recovered,54,0,1.0,,,,,0.9335864119091037,1.0
S4,A5,policy_violation,54,0,0.0,,,,,0.0,0.0664135880908964
S4,A5,unsafe_action,54,0,0.0,,,,,0.0,0.0664135880908964
S4,A5,rollback,54,0,0.0,,,,,0.0,0.0664135880908964
S4,A5,action_optimal,54,0,1.0,,,,,0.9335864119091037,1.0
S4,A5,censored_restore,54,0,0.0,,,,,0.0,0.0664135880908964
