t_s,availability,run_id,data_origin
0.0,1.0,S2_framework_r08,synthetic_reference
1.0,1.0,S2_framework_r08,synthetic_reference
2.0,0.99935,S2_framework_r08,synthetic_reference
3.0,1.0,S2_framework_r08,synthetic_reference
4.0,1.0,S2_framework_r08,synthetic_reference
5.0,0.99593,S2_framework_r08,synthetic_reference
6.0,0.99722,S2_framework_r08,synthetic_reference
7.0,0.99794,S2_framework_r08,synthetic_reference
8.0,0.99316,S2_framework_r08,synthetic_reference
9.0,0.9991,S2_framework_r08,synthetic_reference
10.0,0.99594,S2_framework_r08,synthetic_reference
11.0,0.9997,S2_framework_r08,synthetic_reference
12.0,1.0,S2_framework_r08,synthetic_reference
13.0,0.99844,S2_framework_r08,synthetic_reference
14.0,0.99798,S2_framework_r08,synthetic_reference
15.0,0.99957,S2_framework_r08,synthetic_reference
16.0,1.0,S2_framework_r08,synthetic_reference
17.0,0.99611,S2_framework_r08,synthetic_reference
18.0,0.99734,S2_framework_r08,synthetic_reference
19.0,0.99856,S2_framework_r08,synthetic_reference
20.0,0.99776,S2_framework_r08,synthetic_reference
21.0,0.99608,S2_framework_r08,synthetic_reference
22.0,0.9948,S2_framework_r08,synthetic_reference
23.0,0.99949,S2_framework_r08,synthetic_reference
24.0,0.99841,S2_framework_r08,synthetic_reference
25.0,0.99939,S2_framework_r08,synthetic_reference
26.0,0.99972,S2_framework_r08,synthetic_reference
27.0,0.99437,S2_framework_r08,synthetic_reference
28.0,1.0,S2_framework_r08,synthetic_reference
29.0,1.0,S2_framework_r08,synthetic_reference
30.0,1.0,S2_framework_r08,synthetic_reference
31.0,0.99867,S2_framework_r08,synthetic_reference
32.0,0.9963,S2_framework_r08,synthetic_reference
33.0,1.0,S2_framework_r08,synthetic_reference
34.0,0.99863,S2_framework_r08,synthetic_reference
35.0,0.9998,S2_framework_r08,synthetic_reference
36.0,0.99733,S2_framework_r08,synthetic_reference
37.0,1.0,S2_framework_r08,synthetic_reference
38.0,0.99482,S2_framework_r08,synthetic_reference
39.0,0.99853,S2_framework_r08,synthetic_reference
40.0,1.0,S2_framework_r08,synthetic_reference
41.0,0.99957,S2_framework_r08,synthetic_reference
42.0,0.99672,S2_framework_r08,synthetic_reference
43.0,0.99849,S2_framework_r08,synthetic_reference
44.0,0.99718,S2_framework_r08,synthetic_reference
45.0,1.0,S2_framework_r08,synthetic_reference
46.0,1.0,S2_framework_r08,synthetic_reference
47.0,0.99765,S2_framework_r08,synthetic_reference
48.0,0.99369,S2_framework_r08,synthetic_reference
49.0,1.0,S2_framework_r08,synthetic_reference
50.0,0.99943,S2_framework_r08,synthetic_reference
51.0,0.99875,S2_framework_r08,synthetic_reference
52.0,0.99854,S2_framework_r08,synthetic_reference
53.0,1.0,S2_framework_r08,synthetic_reference
54.0,0.99387,S2_framework_r08,synthetic_reference
55.0,0.9999,S2_framework_r08,synthetic_reference
56.0,0.99752,S2_framework_r08,synthetic_reference
57.0,0.99618,S2_framework_r08,synthetic_reference
58.0,0.99606,S2_framework_r08,synthetic_reference
59.0,0.99868,S2_framework_r08,synthetic_reference
60.0,1.0,S2_framework_r08,synthetic_reference
61.0,0.99948,S2_framework_r08,synthetic_reference
62.0,0.99787,S2_framework_r08,synthetic_reference
63.0,1.0,S2_framework_r08,synthetic_reference
64.0,1.0,S2_framework_r08,synthetic_reference
65.0,0.9971,S2_framework_r08,synthetic_reference
66.0,0.99923,S2_framework_r08,synthetic_reference
67.0,0.99923,S2_framework_r08,synthetic_reference
68.0,0.99899,S2_framework_r08,synthetic_reference
69.0,1.0,S2_framework_r08,synthetic_reference
70.0,0.99954,S2_framework_r08,synthetic_reference
71.0,0.99699,S2_framework_r08,synthetic_reference
72.0,0.99884,S2_framework_r08,synthetic_reference
73.0,0.99985,S2_framework_r08,synthetic_reference
74.0,0.99886,S2_framework_r08,synthetic_reference
75.0,0.99636,S2_framework_r08,synthetic_reference
76.0,0.99717,S2_framework_r08,synthetic_reference
77.0,0.9963,S2_framework_r08,synthetic_reference
78.0,1.0,S2_framework_r08,synthetic_reference
79.0,0.9971,S2_framework_r08,synthetic_reference
80.0,1.0,S2_framework_r08,synthetic_reference
81.0,0.99502,S2_framework_r08,synthetic_reference
82.0,0.99341,S2_framework_r08,synthetic_reference
83.0,1.0,S2_framework_r08,synthetic_reference
84.0,1.0,S2_framework_r08,synthetic_reference
85.0,0.99789,S2_framework_r08,synthetic_reference
86.0,0.99994,S2_framework_r08,synthetic_reference
87.0,0.99845,S2_framework_r08,synthetic_reference
88.0,0.99723,S2_framework_r08,synthetic_reference
89.0,0.99812,S2_framework_r08,synthetic_reference
90.0,0.99734,S2_framework_r08,synthetic_reference
91.0,1.0,S2_framework_r08,synthetic_reference
92.0,1.0,S2_framework_r08,synthetic_reference
93.0,0.99516,S2_framework_r08,synthetic_reference
94.0,0.99883,S2_framework_r08,synthetic_reference
95.0,0.99768,S2_framework_r08,synthetic_reference
96.0,0.99639,S2_framework_r08,synthetic_reference
97.0,1.0,S2_framework_r08,synthetic_reference
98.0,1.0,S2_framework_r08,synthetic_reference
99.0,1.0,S2_framework_r08,synthetic_reference
100.0,1.0,S2_framework_r08,synthetic_reference
101.0,0.99868,S2_framework_r08,synthetic_reference
102.0,1.0,S2_framework_r08,synthetic_reference
103.0,1.0,S2_framework_r08,synthetic_reference
104.0,1.0,S2_framework_r08,synthetic_reference
105.0,0.99531,S2_framework_r08,synthetic_reference
106.0,0.99656,S2_framework_r08,synthetic_reference
107.0,1.0,S2_framework_r08,synthetic_reference
108.0,0.9971,S2_framework_r08,synthetic_reference
109.0,1.0,S2_framework_r08,synthetic_reference
110.0,1.0,S2_framework_r08,synthetic_reference
111.0,0.99665,S2_framework_r08,synthetic_reference
112.0,0.99725,S2_framework_r08,synthetic_reference
113.0,1.0,S2_framework_r08,synthetic_reference
114.0,0.99863,S2_framework_r08,synthetic_reference
115.0,1.0,S2_framework_r08,synthetic_reference
116.0,1.0,S2_framework_r08,synthetic_reference
117.0,1.0,S2_framework_r08,synthetic_reference
118.0,1.0,S2_framework_r08,synthetic_reference
119.0,0.9993,S2_framework_r08,synthetic_reference
120.0,1.0,S2_framework_r08,synthetic_reference
121.0,0.98599,S2_framework_r08,synthetic_reference
122.0,0.98201,S2_framework_r08,synthetic_reference
123.0,0.97635,S2_framework_r08,synthetic_reference
124.0,0.96914,S2_framework_r08,synthetic_reference
125.0,0.96469,S2_framework_r08,synthetic_reference
126.0,0.95981,S2_framework_r08,synthetic_reference
127.0,0.95656,S2_framework_r08,synthetic_reference
128.0,0.95407,S2_framework_r08,synthetic_reference
129.0,0.95337,S2_framework_r08,synthetic_reference
130.0,0.95276,S2_framework_r08,synthetic_reference
131.0,0.94795,S2_framework_r08,synthetic_reference
132.0,0.94987,S2_framework_r08,synthetic_reference
133.0,0.94847,S2_framework_r08,synthetic_reference
134.0,0.94172,S2_framework_r08,synthetic_reference
135.0,0.94445,S2_framework_r08,synthetic_reference
136.0,0.94349,S2_framework_r08,synthetic_reference
137.0,0.94667,S2_framework_r08,synthetic_reference
138.0,0.94284,S2_framework_r08,synthetic_reference
139.0,0.93886,S2_framework_r08,synthetic_reference
140.0,0.94126,S2_framework_r08,synthetic_reference
141.0,0.94328,S2_framework_r08,synthetic_reference
142.0,0.93894,S2_framework_r08,synthetic_reference
143.0,0.9399,S2_framework_r08,synthetic_reference
144.0,0.94605,S2_framework_r08,synthetic_reference
145.0,0.93945,S2_framework_r08,synthetic_reference
146.0,0.94553,S2_framework_r08,synthetic_reference
147.0,0.94656,S2_framework_r08,synthetic_reference
148.0,0.94375,S2_framework_r08,synthetic_reference
149.0,0.93916,S2_framework_r08,synthetic_reference
150.0,0.94228,S2_framework_r08,synthetic_reference
151.0,0.94116,S2_framework_r08,synthetic_reference
152.0,0.94341,S2_framework_r08,synthetic_reference
153.0,0.93669,S2_framework_r08,synthetic_reference
154.0,0.94201,S2_framework_r08,synthetic_reference
155.0,0.94135,S2_framework_r08,synthetic_reference
156.0,0.94042,S2_framework_r08,synthetic_reference
157.0,0.94097,S2_framework_r08,synthetic_reference
158.0,0.94098,S2_framework_r08,synthetic_reference
159.0,0.93562,S2_framework_r08,synthetic_reference
160.0,0.93991,S2_framework_r08,synthetic_reference
161.0,0.9396,S2_framework_r08,synthetic_reference
162.0,0.93632,S2_framework_r08,synthetic_reference
163.0,0.93616,S2_framework_r08,synthetic_reference
164.0,0.93422,S2_framework_r08,synthetic_reference
165.0,0.94377,S2_framework_r08,synthetic_reference
166.0,0.93861,S2_framework_r08,synthetic_reference
167.0,0.92941,S2_framework_r08,synthetic_reference
168.0,0.9399,S2_framework_r08,synthetic_reference
169.0,0.93868,S2_framework_r08,synthetic_reference
170.0,0.93521,S2_framework_r08,synthetic_reference
171.0,0.9379,S2_framework_r08,synthetic_reference
172.0,0.93425,S2_framework_r08,synthetic_reference
173.0,0.93273,S2_framework_r08,synthetic_reference
174.0,0.93675,S2_framework_r08,synthetic_reference
175.0,0.93148,S2_framework_r08,synthetic_reference
176.0,0.93295,S2_framework_r08,synthetic_reference
177.0,0.9352,S2_framework_r08,synthetic_reference
178.0,0.93419,S2_framework_r08,synthetic_reference
179.0,0.93935,S2_framework_r08,synthetic_reference
180.0,0.93578,S2_framework_r08,synthetic_reference
181.0,0.93418,S2_framework_r08,synthetic_reference
182.0,0.93593,S2_framework_r08,synthetic_reference
183.0,0.93007,S2_framework_r08,synthetic_reference
184.0,0.93012,S2_framework_r08,synthetic_reference
185.0,0.9251,S2_framework_r08,synthetic_reference
186.0,0.93211,S2_framework_r08,synthetic_reference
187.0,0.93288,S2_framework_r08,synthetic_reference
188.0,0.92892,S2_framework_r08,synthetic_reference
189.0,0.93402,S2_framework_r08,synthetic_reference
190.0,0.93261,S2_framework_r08,synthetic_reference
191.0,0.93346,S2_framework_r08,synthetic_reference
192.0,0.93335,S2_framework_r08,synthetic_reference
193.0,0.92782,S2_framework_r08,synthetic_reference
194.0,0.92733,S2_framework_r08,synthetic_reference
195.0,0.92683,S2_framework_r08,synthetic_reference
196.0,0.92818,S2_framework_r08,synthetic_reference
197.0,0.93779,S2_framework_r08,synthetic_reference
198.0,0.93288,S2_framework_r08,synthetic_reference
199.0,0.96128,S2_framework_r08,synthetic_reference
200.0,0.9663,S2_framework_r08,synthetic_reference
201.0,0.96394,S2_framework_r08,synthetic_reference
202.0,0.96273,S2_framework_r08,synthetic_reference
203.0,0.96782,S2_framework_r08,synthetic_reference
204.0,0.96699,S2_framework_r08,synthetic_reference
205.0,0.97308,S2_framework_r08,synthetic_reference
206.0,0.97388,S2_framework_r08,synthetic_reference
207.0,0.97324,S2_framework_r08,synthetic_reference
208.0,0.97431,S2_framework_r08,synthetic_reference
209.0,0.97853,S2_framework_r08,synthetic_reference
210.0,0.98054,S2_framework_r08,synthetic_reference
211.0,0.98374,S2_framework_r08,synthetic_reference
212.0,0.98196,S2_framework_r08,synthetic_reference
213.0,0.98679,S2_framework_r08,synthetic_reference
214.0,0.98627,S2_framework_r08,synthetic_reference
215.0,0.98991,S2_framework_r08,synthetic_reference
216.0,0.99578,S2_framework_r08,synthetic_reference
217.0,0.99398,S2_framework_r08,synthetic_reference
218.0,0.99465,S2_framework_r08,synthetic_reference
219.0,0.99552,S2_framework_r08,synthetic_reference
220.0,0.99836,S2_framework_r08,synthetic_reference
221.0,0.99751,S2_framework_r08,synthetic_reference
222.0,1.0,S2_framework_r08,synthetic_reference
223.0,1.0,S2_framework_r08,synthetic_reference
224.0,0.99746,S2_framework_r08,synthetic_reference
225.0,1.0,S2_framework_r08,synthetic_reference
226.0,0.99915,S2_framework_r08,synthetic_reference
227.0,1.0,S2_framework_r08,synthetic_reference
228.0,0.99921,S2_framework_r08,synthetic_reference
229.0,1.0,S2_framework_r08,synthetic_reference
230.0,1.0,S2_framework_r08,synthetic_reference
231.0,1.0,S2_framework_r08,synthetic_reference
232.0,1.0,S2_framework_r08,synthetic_reference
233.0,1.0,S2_framework_r08,synthetic_reference
234.0,0.99443,S2_framework_r08,synthetic_reference
235.0,1.0,S2_framework_r08,synthetic_reference
236.0,1.0,S2_framework_r08,synthetic_reference
237.0,0.99677,S2_framework_r08,synthetic_reference
238.0,1.0,S2_framework_r08,synthetic_reference
239.0,0.99888,S2_framework_r08,synthetic_reference
240.0,1.0,S2_framework_r08,synthetic_reference
241.0,1.0,S2_framework_r08,synthetic_reference
242.0,1.0,S2_framework_r08,synthetic_reference
243.0,0.99492,S2_framework_r08,synthetic_reference
244.0,0.99669,S2_framework_r08,synthetic_reference
245.0,1.0,S2_framework_r08,synthetic_reference
246.0,0.99764,S2_framework_r08,synthetic_reference
247.0,0.99607,S2_framework_r08,synthetic_reference
248.0,0.99465,S2_framework_r08,synthetic_reference
249.0,0.99923,S2_framework_r08,synthetic_reference
250.0,1.0,S2_framework_r08,synthetic_reference
251.0,0.99941,S2_framework_r08,synthetic_reference
252.0,0.99796,S2_framework_r08,synthetic_reference
253.0,0.99959,S2_framework_r08,synthetic_reference
254.0,0.9966,S2_framework_r08,synthetic_reference
255.0,0.99958,S2_framework_r08,synthetic_reference
256.0,0.99998,S2_framework_r08,synthetic_reference
257.0,0.99875,S2_framework_r08,synthetic_reference
258.0,0.9979,S2_framework_r08,synthetic_reference
259.0,1.0,S2_framework_r08,synthetic_reference
260.0,1.0,S2_framework_r08,synthetic_reference
261.0,0.9969,S2_framework_r08,synthetic_reference
262.0,0.99879,S2_framework_r08,synthetic_reference
263.0,0.99703,S2_framework_r08,synthetic_reference
264.0,0.99823,S2_framework_r08,synthetic_reference
265.0,1.0,S2_framework_r08,synthetic_reference
266.0,0.99819,S2_framework_r08,synthetic_reference
267.0,0.99905,S2_framework_r08,synthetic_reference
268.0,1.0,S2_framework_r08,synthetic_reference
269.0,0.99802,S2_framework_r08,synthetic_reference
270.0,0.99513,S2_framework_r08,synthetic_reference
271.0,0.99857,S2_framework_r08,synthetic_reference
272.0,0.99903,S2_framework_r08,synthetic_reference
273.0,1.0,S2_framework_r08,synthetic_reference
274.0,0.99941,S2_framework_r08,synthetic_reference
275.0,0.99907,S2_framework_r08,synthetic_reference
276.0,1.0,S2_framework_r08,synthetic_reference
277.0,1.0,S2_framework_r08,synthetic_reference
278.0,0.99473,S2_framework_r08,synthetic_reference
279.0,1.0,S2_framework_r08,synthetic_reference
280.0,0.99968,S2_framework_r08,synthetic_reference
281.0,1.0,S2_framework_r08,synthetic_reference
282.0,0.99598,S2_framework_r08,synthetic_reference
283.0,1.0,S2_framework_r08,synthetic_reference
284.0,0.99992,S2_framework_r08,synthetic_reference
285.0,0.99704,S2_framework_r08,synthetic_reference
286.0,0.99925,S2_framework_r08,synthetic_reference
287.0,0.99851,S2_framework_r08,synthetic_reference
288.0,1.0,S2_framework_r08,synthetic_reference
289.0,0.99834,S2_framework_r08,synthetic_reference
290.0,1.0,S2_framework_r08,synthetic_reference
291.0,1.0,S2_framework_r08,synthetic_reference
292.0,1.0,S2_framework_r08,synthetic_reference
293.0,0.9968,S2_framework_r08,synthetic_reference
294.0,1.0,S2_framework_r08,synthetic_reference
295.0,0.99545,S2_framework_r08,synthetic_reference
296.0,0.99845,S2_framework_r08,synthetic_reference
297.0,0.99585,S2_framework_r08,synthetic_reference
298.0,0.99784,S2_framework_r08,synthetic_reference
299.0,0.99847,S2_framework_r08,synthetic_reference
300.0,1.0,S2_framework_r08,synthetic_reference
301.0,1.0,S2_framework_r08,synthetic_reference
302.0,1.0,S2_framework_r08,synthetic_reference
303.0,0.99945,S2_framework_r08,synthetic_reference
304.0,0.99949,S2_framework_r08,synthetic_reference
305.0,0.99578,S2_framework_r08,synthetic_reference
306.0,0.99581,S2_framework_r08,synthetic_reference
307.0,1.0,S2_framework_r08,synthetic_reference
308.0,0.99713,S2_framework_r08,synthetic_reference
309.0,1.0,S2_framework_r08,synthetic_reference
310.0,0.99341,S2_framework_r08,synthetic_reference
311.0,1.0,S2_framework_r08,synthetic_reference
312.0,1.0,S2_framework_r08,synthetic_reference
313.0,0.99665,S2_framework_r08,synthetic_reference
314.0,0.99633,S2_framework_r08,synthetic_reference
315.0,0.99659,S2_framework_r08,synthetic_reference
316.0,1.0,S2_framework_r08,synthetic_reference
317.0,0.99951,S2_framework_r08,synthetic_reference
318.0,1.0,S2_framework_r08,synthetic_reference
319.0,1.0,S2_framework_r08,synthetic_reference
320.0,0.9996,S2_framework_r08,synthetic_reference
321.0,1.0,S2_framework_r08,synthetic_reference
322.0,1.0,S2_framework_r08,synthetic_reference
323.0,0.99913,S2_framework_r08,synthetic_reference
324.0,0.99433,S2_framework_r08,synthetic_reference
325.0,1.0,S2_framework_r08,synthetic_reference
326.0,1.0,S2_framework_r08,synthetic_reference
327.0,0.99887,S2_framework_r08,synthetic_reference
328.0,0.99775,S2_framework_r08,synthetic_reference
329.0,0.99855,S2_framework_r08,synthetic_reference
330.0,0.99578,S2_framework_r08,synthetic_reference
331.0,1.0,S2_framework_r08,synthetic_reference
332.0,0.99989,S2_framework_r08,synthetic_reference
333.0,0.99905,S2_framework_r08,synthetic_reference
334.0,0.99635,S2_framework_r08,synthetic_reference
335.0,0.99768,S2_framework_r08,synthetic_reference
336.0,1.0,S2_framework_r08,synthetic_reference
337.0,0.99827,S2_framework_r08,synthetic_reference
338.0,0.99889,S2_framework_r08,synthetic_reference
339.0,0.99496,S2_framework_r08,synthetic_reference
340.0,0.99818,S2_framework_r08,synthetic_reference
341.0,0.99387,S2_framework_r08,synthetic_reference
342.0,0.99769,S2_framework_r08,synthetic_reference
343.0,1.0,S2_framework_r08,synthetic_reference
344.0,0.99627,S2_framework_r08,synthetic_reference
345.0,1.0,S2_framework_r08,synthetic_reference
346.0,0.99533,S2_framework_r08,synthetic_reference
347.0,1.0,S2_framework_r08,synthetic_reference
348.0,0.99642,S2_framework_r08,synthetic_reference
349.0,0.99466,S2_framework_r08,synthetic_reference
350.0,0.99856,S2_framework_r08,synthetic_reference
351.0,0.99444,S2_framework_r08,synthetic_reference
352.0,0.9984,S2_framework_r08,synthetic_reference
353.0,1.0,S2_framework_r08,synthetic_reference
354.0,1.0,S2_framework_r08,synthetic_reference
355.0,1.0,S2_framework_r08,synthetic_reference
356.0,0.99823,S2_framework_r08,synthetic_reference
357.0,1.0,S2_framework_r08,synthetic_reference
358.0,0.99538,S2_framework_r08,synthetic_reference
359.0,0.99897,S2_framework_r08,synthetic_reference
360.0,0.99734,S2_framework_r08,synthetic_reference
361.0,0.99859,S2_framework_r08,synthetic_reference
362.0,0.99861,S2_framework_r08,synthetic_reference
363.0,0.99897,S2_framework_r08,synthetic_reference
364.0,0.99776,S2_framework_r08,synthetic_reference
365.0,1.0,S2_framework_r08,synthetic_reference
366.0,0.99914,S2_framework_r08,synthetic_reference
367.0,0.99811,S2_framework_r08,synthetic_reference
368.0,0.99905,S2_framework_r08,synthetic_reference
369.0,0.99626,S2_framework_r08,synthetic_reference
370.0,1.0,S2_framework_r08,synthetic_reference
371.0,0.99804,S2_framework_r08,synthetic_reference
372.0,1.0,S2_framework_r08,synthetic_reference
373.0,1.0,S2_framework_r08,synthetic_reference
374.0,1.0,S2_framework_r08,synthetic_reference
375.0,0.999,S2_framework_r08,synthetic_reference
376.0,0.99912,S2_framework_r08,synthetic_reference
377.0,0.99844,S2_framework_r08,synthetic_reference
378.0,0.99795,S2_framework_r08,synthetic_reference
379.0,1.0,S2_framework_r08,synthetic_reference
380.0,1.0,S2_framework_r08,synthetic_reference
381.0,0.99394,S2_framework_r08,synthetic_reference
382.0,0.99931,S2_framework_r08,synthetic_reference
383.0,0.99987,S2_framework_r08,synthetic_reference
384.0,1.0,S2_framework_r08,synthetic_reference
385.0,0.99812,S2_framework_r08,synthetic_reference
386.0,0.99804,S2_framework_r08,synthetic_reference
387.0,0.99828,S2_framework_r08,synthetic_reference
388.0,0.997,S2_framework_r08,synthetic_reference
389.0,0.99686,S2_framework_r08,synthetic_reference
390.0,0.99397,S2_framework_r08,synthetic_reference
391.0,0.99826,S2_framework_r08,synthetic_reference
392.0,0.99829,S2_framework_r08,synthetic_reference
393.0,1.0,S2_framework_r08,synthetic_reference
394.0,0.99361,S2_framework_r08,synthetic_reference
395.0,1.0,S2_framework_r08,synthetic_reference
396.0,1.0,S2_framework_r08,synthetic_reference
397.0,0.99681,S2_framework_r08,synthetic_reference
398.0,0.99502,S2_framework_r08,synthetic_reference
399.0,1.0,S2_framework_r08,synthetic_reference
400.0,0.9962,S2_framework_r08,synthetic_reference
401.0,0.99781,S2_framework_r08,synthetic_reference
402.0,0.99774,S2_framework_r08,synthetic_reference
403.0,1.0,S2_framework_r08,synthetic_reference
404.0,0.99772,S2_framework_r08,synthetic_reference
405.0,0.99704,S2_framework_r08,synthetic_reference
406.0,0.99946,S2_framework_r08,synthetic_reference
407.0,1.0,S2_framework_r08,synthetic_reference
408.0,0.99583,S2_framework_r08,synthetic_reference
409.0,1.0,S2_framework_r08,synthetic_reference
410.0,0.99604,S2_framework_r08,synthetic_reference
411.0,0.99698,S2_framework_r08,synthetic_reference
412.0,1.0,S2_framework_r08,synthetic_reference
413.0,1.0,S2_framework_r08,synthetic_reference
414.0,1.0,S2_framework_r08,synthetic_reference
415.0,1.0,S2_framework_r08,synthetic_reference
416.0,0.99612,S2_framework_r08,synthetic_reference
417.0,1.0,S2_framework_r08,synthetic_reference
418.0,0.99891,S2_framework_r08,synthetic_reference
419.0,1.0,S2_framework_r08,synthetic_reference
420.0,1.0,S2_framework_r08,synthetic_reference
421.0,0.9969,S2_framework_r08,synthetic_reference
422.0,1.0,S2_framework_r08,synthetic_reference
423.0,1.0,S2_framework_r08,synthetic_reference
424.0,0.9991,S2_framework_r08,synthetic_reference
425.0,1.0,S2_framework_r08,synthetic_reference
426.0,1.0,S2_framework_r08,synthetic_reference
427.0,0.99746,S2_framework_r08,synthetic_reference
428.0,1.0,S2_framework_r08,synthetic_reference
429.0,1.0,S2_framework_r08,synthetic_reference
430.0,0.99764,S2_framework_r08,synthetic_reference
431.0,0.99658,S2_framework_r08,synthetic_reference
432.0,0.99886,S2_framework_r08,synthetic_reference
433.0,0.9985,S2_framework_r08,synthetic_reference
434.0,0.9976,S2_framework_r08,synthetic_reference
435.0,1.0,S2_framework_r08,synthetic_reference
436.0,0.9963,S2_framework_r08,synthetic_reference
437.0,0.99508,S2_framework_r08,synthetic_reference
438.0,1.0,S2_framework_r08,synthetic_reference
439.0,0.99665,S2_framework_r08,synthetic_reference
440.0,0.99319,S2_framework_r08,synthetic_reference
441.0,1.0,S2_framework_r08,synthetic_reference
442.0,0.99779,S2_framework_r08,synthetic_reference
443.0,1.0,S2_framework_r08,synthetic_reference
444.0,0.99929,S2_framework_r08,synthetic_reference
445.0,0.99887,S2_framework_r08,synthetic_reference
446.0,1.0,S2_framework_r08,synthetic_reference
447.0,0.99762,S2_framework_r08,synthetic_reference
448.0,0.99926,S2_framework_r08,synthetic_reference
449.0,0.99848,S2_framework_r08,synthetic_reference
450.0,0.99524,S2_framework_r08,synthetic_reference
451.0,0.99408,S2_framework_r08,synthetic_reference
452.0,0.99865,S2_framework_r08,synthetic_reference
453.0,0.99866,S2_framework_r08,synthetic_reference
454.0,1.0,S2_framework_r08,synthetic_reference
455.0,0.99717,S2_framework_r08,synthetic_reference
456.0,0.99701,S2_framework_r08,synthetic_reference
457.0,0.99536,S2_framework_r08,synthetic_reference
458.0,0.99803,S2_framework_r08,synthetic_reference
459.0,0.99607,S2_framework_r08,synthetic_reference
460.0,0.99645,S2_framework_r08,synthetic_reference
461.0,0.99963,S2_framework_r08,synthetic_reference
462.0,1.0,S2_framework_r08,synthetic_reference
463.0,1.0,S2_framework_r08,synthetic_reference
464.0,0.99721,S2_framework_r08,synthetic_reference
465.0,1.0,S2_framework_r08,synthetic_reference
466.0,0.99333,S2_framework_r08,synthetic_reference
467.0,0.99409,S2_framework_r08,synthetic_reference
468.0,1.0,S2_framework_r08,synthetic_reference
469.0,0.99856,S2_framework_r08,synthetic_reference
470.0,0.99586,S2_framework_r08,synthetic_reference
471.0,0.99938,S2_framework_r08,synthetic_reference
472.0,0.99894,S2_framework_r08,synthetic_reference
473.0,1.0,S2_framework_r08,synthetic_reference
474.0,1.0,S2_framework_r08,synthetic_reference
475.0,1.0,S2_framework_r08,synthetic_reference
476.0,0.99474,S2_framework_r08,synthetic_reference
477.0,0.99306,S2_framework_r08,synthetic_reference
478.0,1.0,S2_framework_r08,synthetic_reference
479.0,0.99701,S2_framework_r08,synthetic_reference
480.0,0.99785,S2_framework_r08,synthetic_reference
481.0,0.99681,S2_framework_r08,synthetic_reference
482.0,0.99875,S2_framework_r08,synthetic_reference
483.0,0.99981,S2_framework_r08,synthetic_reference
484.0,0.99562,S2_framework_r08,synthetic_reference
485.0,1.0,S2_framework_r08,synthetic_reference
486.0,1.0,S2_framework_r08,synthetic_reference
487.0,0.99891,S2_framework_r08,synthetic_reference
488.0,0.99778,S2_framework_r08,synthetic_reference
489.0,1.0,S2_framework_r08,synthetic_reference
490.0,0.99873,S2_framework_r08,synthetic_reference
491.0,0.99626,S2_framework_r08,synthetic_reference
492.0,1.0,S2_framework_r08,synthetic_reference
493.0,0.99784,S2_framework_r08,synthetic_reference
494.0,0.99843,S2_framework_r08,synthetic_reference
495.0,0.99763,S2_framework_r08,synthetic_reference
496.0,0.99854,S2_framework_r08,synthetic_reference
497.0,1.0,S2_framework_r08,synthetic_reference
498.0,0.99906,S2_framework_r08,synthetic_reference
499.0,0.99787,S2_framework_r08,synthetic_reference
500.0,0.99908,S2_framework_r08,synthetic_reference
501.0,1.0,S2_framework_r08,synthetic_reference
502.0,0.99759,S2_framework_r08,synthetic_reference
503.0,0.99896,S2_framework_r08,synthetic_reference
504.0,0.99648,S2_framework_r08,synthetic_reference
505.0,0.99981,S2_framework_r08,synthetic_reference
506.0,0.99831,S2_framework_r08,synthetic_reference
507.0,1.0,S2_framework_r08,synthetic_reference
508.0,1.0,S2_framework_r08,synthetic_reference
509.0,0.9977,S2_framework_r08,synthetic_reference
510.0,0.99592,S2_framework_r08,synthetic_reference
511.0,1.0,S2_framework_r08,synthetic_reference
512.0,0.99973,S2_framework_r08,synthetic_reference
513.0,0.99874,S2_framework_r08,synthetic_reference
514.0,1.0,S2_framework_r08,synthetic_reference
515.0,1.0,S2_framework_r08,synthetic_reference
516.0,1.0,S2_framework_r08,synthetic_reference
517.0,0.99881,S2_framework_r08,synthetic_reference
518.0,1.0,S2_framework_r08,synthetic_reference
519.0,1.0,S2_framework_r08,synthetic_reference
520.0,1.0,S2_framework_r08,synthetic_reference
521.0,0.99922,S2_framework_r08,synthetic_reference
522.0,1.0,S2_framework_r08,synthetic_reference
523.0,0.99588,S2_framework_r08,synthetic_reference
524.0,0.9969,S2_framework_r08,synthetic_reference
525.0,0.99752,S2_framework_r08,synthetic_reference
526.0,0.99744,S2_framework_r08,synthetic_reference
527.0,1.0,S2_framework_r08,synthetic_reference
528.0,0.99462,S2_framework_r08,synthetic_reference
529.0,1.0,S2_framework_r08,synthetic_reference
530.0,0.99881,S2_framework_r08,synthetic_reference
531.0,0.9983,S2_framework_r08,synthetic_reference
532.0,1.0,S2_framework_r08,synthetic_reference
533.0,0.99817,S2_framework_r08,synthetic_reference
534.0,0.99798,S2_framework_r08,synthetic_reference
535.0,0.99658,S2_framework_r08,synthetic_reference
536.0,0.99839,S2_framework_r08,synthetic_reference
537.0,1.0,S2_framework_r08,synthetic_reference
538.0,0.99621,S2_framework_r08,synthetic_reference
539.0,0.99292,S2_framework_r08,synthetic_reference
540.0,1.0,S2_framework_r08,synthetic_reference
541.0,0.99853,S2_framework_r08,synthetic_reference
542.0,0.99911,S2_framework_r08,synthetic_reference
543.0,0.99504,S2_framework_r08,synthetic_reference
544.0,0.99952,S2_framework_r08,synthetic_reference
545.0,1.0,S2_framework_r08,synthetic_reference
546.0,0.99929,S2_framework_r08,synthetic_reference
547.0,0.99934,S2_framework_r08,synthetic_reference
548.0,0.99888,S2_framework_r08,synthetic_reference
549.0,0.99742,S2_framework_r08,synthetic_reference
550.0,0.99777,S2_framework_r08,synthetic_reference
551.0,0.99915,S2_framework_r08,synthetic_reference
552.0,1.0,S2_framework_r08,synthetic_reference
553.0,0.99753,S2_framework_r08,synthetic_reference
554.0,1.0,S2_framework_r08,synthetic_reference
555.0,1.0,S2_framework_r08,synthetic_reference
556.0,0.997,S2_framework_r08,synthetic_reference
557.0,0.99878,S2_framework_r08,synthetic_reference
558.0,1.0,S2_framework_r08,synthetic_reference
559.0,0.99662,S2_framework_r08,synthetic_reference
560.0,0.99931,S2_framework_r08,synthetic_reference
561.0,1.0,S2_framework_r08,synthetic_reference
562.0,0.99532,S2_framework_r08,synthetic_reference
563.0,1.0,S2_framework_r08,synthetic_reference
564.0,0.99599,S2_framework_r08,synthetic_reference
565.0,1.0,S2_framework_r08,synthetic_reference
566.0,0.99715,S2_framework_r08,synthetic_reference
567.0,0.99821,S2_framework_r08,synthetic_reference
568.0,0.99957,S2_framework_r08,synthetic_reference
569.0,0.99721,S2_framework_r08,synthetic_reference
570.0,0.9978,S2_framework_r08,synthetic_reference
571.0,0.99395,S2_framework_r08,synthetic_reference
572.0,0.99727,S2_framework_r08,synthetic_reference
573.0,0.99754,S2_framework_r08,synthetic_reference
574.0,0.99773,S2_framework_r08,synthetic_reference
575.0,0.99039,S2_framework_r08,synthetic_reference
576.0,0.99537,S2_framework_r08,synthetic_reference
577.0,0.99503,S2_framework_r08,synthetic_reference
578.0,1.0,S2_framework_r08,synthetic_reference
579.0,0.99874,S2_framework_r08,synthetic_reference
580.0,0.99923,S2_framework_r08,synthetic_reference
581.0,0.99958,S2_framework_r08,synthetic_reference
582.0,1.0,S2_framework_r08,synthetic_reference
583.0,0.99519,S2_framework_r08,synthetic_reference
584.0,0.99587,S2_framework_r08,synthetic_reference
585.0,0.99592,S2_framework_r08,synthetic_reference
586.0,0.99928,S2_framework_r08,synthetic_reference
587.0,1.0,S2_framework_r08,synthetic_reference
588.0,0.99751,S2_framework_r08,synthetic_reference
589.0,0.9969,S2_framework_r08,synthetic_reference
590.0,0.9953,S2_framework_r08,synthetic_reference
591.0,0.99996,S2_framework_r08,synthetic_reference
592.0,0.99514,S2_framework_r08,synthetic_reference
593.0,0.99779,S2_framework_r08,synthetic_reference
594.0,0.99581,S2_framework_r08,synthetic_reference
595.0,0.99794,S2_framework_r08,synthetic_reference
596.0,1.0,S2_framework_r08,synthetic_reference
597.0,1.0,S2_framework_r08,synthetic_reference
598.0,1.0,S2_framework_r08,synthetic_reference
599.0,1.0,S2_framework_r08,synthetic_reference
600.0,0.99803,S2_framework_r08,synthetic_reference
601.0,0.99385,S2_framework_r08,synthetic_reference
602.0,0.99591,S2_framework_r08,synthetic_reference
603.0,1.0,S2_framework_r08,synthetic_reference
604.0,0.99656,S2_framework_r08,synthetic_reference
605.0,1.0,S2_framework_r08,synthetic_reference
606.0,1.0,S2_framework_r08,synthetic_reference
607.0,0.99634,S2_framework_r08,synthetic_reference
608.0,0.99458,S2_framework_r08,synthetic_reference
609.0,1.0,S2_framework_r08,synthetic_reference
610.0,0.99978,S2_framework_r08,synthetic_reference
611.0,0.99785,S2_framework_r08,synthetic_reference
612.0,0.99782,S2_framework_r08,synthetic_reference
613.0,0.99883,S2_framework_r08,synthetic_reference
614.0,1.0,S2_framework_r08,synthetic_reference
615.0,1.0,S2_framework_r08,synthetic_reference
616.0,0.99433,S2_framework_r08,synthetic_reference
617.0,1.0,S2_framework_r08,synthetic_reference
618.0,0.99634,S2_framework_r08,synthetic_reference
619.0,1.0,S2_framework_r08,synthetic_reference
620.0,0.99532,S2_framework_r08,synthetic_reference
621.0,1.0,S2_framework_r08,synthetic_reference
622.0,1.0,S2_framework_r08,synthetic_reference
623.0,0.99717,S2_framework_r08,synthetic_reference
624.0,0.99518,S2_framework_r08,synthetic_reference
625.0,1.0,S2_framework_r08,synthetic_reference
626.0,0.99528,S2_framework_r08,synthetic_reference
627.0,1.0,S2_framework_r08,synthetic_reference
628.0,1.0,S2_framework_r08,synthetic_reference
629.0,0.99847,S2_framework_r08,synthetic_reference
630.0,0.99589,S2_framework_r08,synthetic_reference
631.0,1.0,S2_framework_r08,synthetic_reference
632.0,0.99905,S2_framework_r08,synthetic_reference
633.0,0.99809,S2_framework_r08,synthetic_reference
634.0,1.0,S2_framework_r08,synthetic_reference
635.0,0.99624,S2_framework_r08,synthetic_reference
636.0,0.99936,S2_framework_r08,synthetic_reference
637.0,0.99542,S2_framework_r08,synthetic_reference
638.0,1.0,S2_framework_r08,synthetic_reference
639.0,0.99907,S2_framework_r08,synthetic_reference
640.0,1.0,S2_framework_r08,synthetic_reference
641.0,1.0,S2_framework_r08,synthetic_reference
642.0,0.9969,S2_framework_r08,synthetic_reference
643.0,1.0,S2_framework_r08,synthetic_reference
644.0,0.99426,S2_framework_r08,synthetic_reference
645.0,1.0,S2_framework_r08,synthetic_reference
646.0,0.99771,S2_framework_r08,synthetic_reference
647.0,1.0,S2_framework_r08,synthetic_reference
648.0,1.0,S2_framework_r08,synthetic_reference
649.0,0.99697,S2_framework_r08,synthetic_reference
650.0,0.99773,S2_framework_r08,synthetic_reference
651.0,0.99887,S2_framework_r08,synthetic_reference
652.0,0.99742,S2_framework_r08,synthetic_reference
653.0,0.99709,S2_framework_r08,synthetic_reference
654.0,0.99796,S2_framework_r08,synthetic_reference
655.0,1.0,S2_framework_r08,synthetic_reference
656.0,0.99936,S2_framework_r08,synthetic_reference
657.0,0.99669,S2_framework_r08,synthetic_reference
658.0,0.99642,S2_framework_r08,synthetic_reference
659.0,0.99871,S2_framework_r08,synthetic_reference
660.0,0.99636,S2_framework_r08,synthetic_reference
661.0,0.99584,S2_framework_r08,synthetic_reference
662.0,0.99444,S2_framework_r08,synthetic_reference
663.0,0.99672,S2_framework_r08,synthetic_reference
664.0,0.99395,S2_framework_r08,synthetic_reference
665.0,0.99709,S2_framework_r08,synthetic_reference
666.0,1.0,S2_framework_r08,synthetic_reference
667.0,1.0,S2_framework_r08,synthetic_reference
668.0,0.9977,S2_framework_r08,synthetic_reference
669.0,0.99564,S2_framework_r08,synthetic_reference
670.0,0.99109,S2_framework_r08,synthetic_reference
671.0,0.99651,S2_framework_r08,synthetic_reference
672.0,0.9979,S2_framework_r08,synthetic_reference
673.0,0.99742,S2_framework_r08,synthetic_reference
674.0,0.99925,S2_framework_r08,synthetic_reference
675.0,1.0,S2_framework_r08,synthetic_reference
676.0,1.0,S2_framework_r08,synthetic_reference
677.0,0.99986,S2_framework_r08,synthetic_reference
678.0,0.99852,S2_framework_r08,synthetic_reference
679.0,1.0,S2_framework_r08,synthetic_reference
680.0,0.99679,S2_framework_r08,synthetic_reference
681.0,0.99888,S2_framework_r08,synthetic_reference
682.0,0.99705,S2_framework_r08,synthetic_reference
683.0,1.0,S2_framework_r08,synthetic_reference
684.0,0.99761,S2_framework_r08,synthetic_reference
685.0,0.99832,S2_framework_r08,synthetic_reference
686.0,0.99618,S2_framework_r08,synthetic_reference
687.0,1.0,S2_framework_r08,synthetic_reference
688.0,0.99954,S2_framework_r08,synthetic_reference
689.0,0.99697,S2_framework_r08,synthetic_reference
690.0,0.99869,S2_framework_r08,synthetic_reference
691.0,0.99866,S2_framework_r08,synthetic_reference
692.0,1.0,S2_framework_r08,synthetic_reference
693.0,0.99798,S2_framework_r08,synthetic_reference
694.0,1.0,S2_framework_r08,synthetic_reference
695.0,0.99807,S2_framework_r08,synthetic_reference
696.0,0.99925,S2_framework_r08,synthetic_reference
697.0,0.99825,S2_framework_r08,synthetic_reference
698.0,0.99892,S2_framework_r08,synthetic_reference
699.0,0.99793,S2_framework_r08,synthetic_reference
700.0,1.0,S2_framework_r08,synthetic_reference
701.0,0.9991,S2_framework_r08,synthetic_reference
702.0,1.0,S2_framework_r08,synthetic_reference
703.0,0.9948,S2_framework_r08,synthetic_reference
704.0,1.0,S2_framework_r08,synthetic_reference
705.0,1.0,S2_framework_r08,synthetic_reference
706.0,0.99872,S2_framework_r08,synthetic_reference
707.0,0.99733,S2_framework_r08,synthetic_reference
708.0,1.0,S2_framework_r08,synthetic_reference
709.0,0.99933,S2_framework_r08,synthetic_reference
710.0,0.99737,S2_framework_r08,synthetic_reference
711.0,0.99458,S2_framework_r08,synthetic_reference
712.0,1.0,S2_framework_r08,synthetic_reference
713.0,0.99876,S2_framework_r08,synthetic_reference
714.0,0.99996,S2_framework_r08,synthetic_reference
715.0,1.0,S2_framework_r08,synthetic_reference
716.0,0.99384,S2_framework_r08,synthetic_reference
717.0,1.0,S2_framework_r08,synthetic_reference
718.0,0.99796,S2_framework_r08,synthetic_reference
719.0,1.0,S2_framework_r08,synthetic_reference
720.0,0.99852,S2_framework_r08,synthetic_reference
721.0,1.0,S2_framework_r08,synthetic_reference
722.0,0.99964,S2_framework_r08,synthetic_reference
723.0,0.99575,S2_framework_r08,synthetic_reference
724.0,1.0,S2_framework_r08,synthetic_reference
725.0,1.0,S2_framework_r08,synthetic_reference
726.0,0.99419,S2_framework_r08,synthetic_reference
727.0,0.9967,S2_framework_r08,synthetic_reference
728.0,1.0,S2_framework_r08,synthetic_reference
729.0,0.99994,S2_framework_r08,synthetic_reference
730.0,1.0,S2_framework_r08,synthetic_reference
731.0,1.0,S2_framework_r08,synthetic_reference
732.0,0.99844,S2_framework_r08,synthetic_reference
733.0,0.99708,S2_framework_r08,synthetic_reference
734.0,1.0,S2_framework_r08,synthetic_reference
735.0,0.99634,S2_framework_r08,synthetic_reference
736.0,0.99608,S2_framework_r08,synthetic_reference
737.0,0.99793,S2_framework_r08,synthetic_reference
738.0,0.99501,S2_framework_r08,synthetic_reference
739.0,1.0,S2_framework_r08,synthetic_reference
740.0,0.99922,S2_framework_r08,synthetic_reference
741.0,1.0,S2_framework_r08,synthetic_reference
742.0,0.99827,S2_framework_r08,synthetic_reference
743.0,0.99918,S2_framework_r08,synthetic_reference
744.0,0.99462,S2_framework_r08,synthetic_reference
745.0,0.99912,S2_framework_r08,synthetic_reference
746.0,0.99664,S2_framework_r08,synthetic_reference
747.0,1.0,S2_framework_r08,synthetic_reference
748.0,0.99821,S2_framework_r08,synthetic_reference
749.0,0.99401,S2_framework_r08,synthetic_reference
750.0,0.99877,S2_framework_r08,synthetic_reference
751.0,0.99762,S2_framework_r08,synthetic_reference
752.0,0.9946,S2_framework_r08,synthetic_reference
753.0,1.0,S2_framework_r08,synthetic_reference
754.0,1.0,S2_framework_r08,synthetic_reference
755.0,0.99848,S2_framework_r08,synthetic_reference
756.0,0.99926,S2_framework_r08,synthetic_reference
757.0,1.0,S2_framework_r08,synthetic_reference
758.0,1.0,S2_framework_r08,synthetic_reference
759.0,0.99531,S2_framework_r08,synthetic_reference
760.0,0.99634,S2_framework_r08,synthetic_reference
761.0,1.0,S2_framework_r08,synthetic_reference
762.0,0.99765,S2_framework_r08,synthetic_reference
763.0,0.99898,S2_framework_r08,synthetic_reference
764.0,0.99982,S2_framework_r08,synthetic_reference
765.0,0.99831,S2_framework_r08,synthetic_reference
766.0,0.99618,S2_framework_r08,synthetic_reference
767.0,0.99712,S2_framework_r08,synthetic_reference
768.0,0.99879,S2_framework_r08,synthetic_reference
769.0,0.99612,S2_framework_r08,synthetic_reference
770.0,0.99885,S2_framework_r08,synthetic_reference
771.0,0.99907,S2_framework_r08,synthetic_reference
772.0,0.99478,S2_framework_r08,synthetic_reference
773.0,0.99884,S2_framework_r08,synthetic_reference
774.0,1.0,S2_framework_r08,synthetic_reference
775.0,0.99507,S2_framework_r08,synthetic_reference
776.0,0.99665,S2_framework_r08,synthetic_reference
777.0,0.99846,S2_framework_r08,synthetic_reference
778.0,1.0,S2_framework_r08,synthetic_reference
779.0,0.99613,S2_framework_r08,synthetic_reference
780.0,1.0,S2_framework_r08,synthetic_reference
781.0,0.99431,S2_framework_r08,synthetic_reference
782.0,1.0,S2_framework_r08,synthetic_reference
783.0,0.99889,S2_framework_r08,synthetic_reference
784.0,1.0,S2_framework_r08,synthetic_reference
785.0,1.0,S2_framework_r08,synthetic_reference
786.0,0.99814,S2_framework_r08,synthetic_reference
787.0,0.99753,S2_framework_r08,synthetic_reference
788.0,0.99874,S2_framework_r08,synthetic_reference
789.0,1.0,S2_framework_r08,synthetic_reference
790.0,0.99883,S2_framework_r08,synthetic_reference
791.0,1.0,S2_framework_r08,synthetic_reference
792.0,0.99952,S2_framework_r08,synthetic_reference
793.0,1.0,S2_framework_r08,synthetic_reference
794.0,1.0,S2_framework_r08,synthetic_reference
795.0,0.99761,S2_framework_r08,synthetic_reference
796.0,1.0,S2_framework_r08,synthetic_reference
797.0,0.99828,S2_framework_r08,synthetic_reference
798.0,0.99859,S2_framework_r08,synthetic_reference
799.0,0.99401,S2_framework_r08,synthetic_reference
800.0,0.99835,S2_framework_r08,synthetic_reference
801.0,0.99782,S2_framework_r08,synthetic_reference
802.0,1.0,S2_framework_r08,synthetic_reference
803.0,0.99699,S2_framework_r08,synthetic_reference
804.0,0.99926,S2_framework_r08,synthetic_reference
805.0,0.99844,S2_framework_r08,synthetic_reference
806.0,1.0,S2_framework_r08,synthetic_reference
807.0,0.99484,S2_framework_r08,synthetic_reference
808.0,0.99644,S2_framework_r08,synthetic_reference
809.0,1.0,S2_framework_r08,synthetic_reference
810.0,0.9968,S2_framework_r08,synthetic_reference
811.0,0.9995,S2_framework_r08,synthetic_reference
812.0,0.99934,S2_framework_r08,synthetic_reference
813.0,0.99561,S2_framework_r08,synthetic_reference
814.0,0.99748,S2_framework_r08,synthetic_reference
815.0,0.99838,S2_framework_r08,synthetic_reference
816.0,1.0,S2_framework_r08,synthetic_reference
817.0,0.99932,S2_framework_r08,synthetic_reference
818.0,0.99883,S2_framework_r08,synthetic_reference
819.0,1.0,S2_framework_r08,synthetic_reference
820.0,1.0,S2_framework_r08,synthetic_reference
821.0,1.0,S2_framework_r08,synthetic_reference
822.0,1.0,S2_framework_r08,synthetic_reference
823.0,1.0,S2_framework_r08,synthetic_reference
824.0,0.99602,S2_framework_r08,synthetic_reference
825.0,1.0,S2_framework_r08,synthetic_reference
826.0,1.0,S2_framework_r08,synthetic_reference
827.0,0.99772,S2_framework_r08,synthetic_reference
828.0,1.0,S2_framework_r08,synthetic_reference
829.0,0.99802,S2_framework_r08,synthetic_reference
830.0,0.99575,S2_framework_r08,synthetic_reference
831.0,0.99871,S2_framework_r08,synthetic_reference
832.0,1.0,S2_framework_r08,synthetic_reference
833.0,0.99691,S2_framework_r08,synthetic_reference
834.0,0.99842,S2_framework_r08,synthetic_reference
835.0,1.0,S2_framework_r08,synthetic_reference
836.0,1.0,S2_framework_r08,synthetic_reference
837.0,1.0,S2_framework_r08,synthetic_reference
838.0,1.0,S2_framework_r08,synthetic_reference
839.0,0.99661,S2_framework_r08,synthetic_reference
840.0,0.99776,S2_framework_r08,synthetic_reference
841.0,0.99594,S2_framework_r08,synthetic_reference
842.0,1.0,S2_framework_r08,synthetic_reference
843.0,1.0,S2_framework_r08,synthetic_reference
844.0,0.9964,S2_framework_r08,synthetic_reference
845.0,0.99659,S2_framework_r08,synthetic_reference
846.0,0.99959,S2_framework_r08,synthetic_reference
847.0,1.0,S2_framework_r08,synthetic_reference
848.0,0.99543,S2_framework_r08,synthetic_reference
849.0,0.99804,S2_framework_r08,synthetic_reference
850.0,1.0,S2_framework_r08,synthetic_reference
851.0,1.0,S2_framework_r08,synthetic_reference
852.0,1.0,S2_framework_r08,synthetic_reference
853.0,0.99937,S2_framework_r08,synthetic_reference
854.0,0.99449,S2_framework_r08,synthetic_reference
855.0,1.0,S2_framework_r08,synthetic_reference
856.0,1.0,S2_framework_r08,synthetic_reference
857.0,0.99757,S2_framework_r08,synthetic_reference
858.0,0.99856,S2_framework_r08,synthetic_reference
859.0,1.0,S2_framework_r08,synthetic_reference
860.0,0.99378,S2_framework_r08,synthetic_reference
861.0,0.99648,S2_framework_r08,synthetic_reference
862.0,0.99929,S2_framework_r08,synthetic_reference
863.0,0.99772,S2_framework_r08,synthetic_reference
864.0,0.99492,S2_framework_r08,synthetic_reference
865.0,0.9989,S2_framework_r08,synthetic_reference
866.0,1.0,S2_framework_r08,synthetic_reference
867.0,0.99605,S2_framework_r08,synthetic_reference
868.0,0.99643,S2_framework_r08,synthetic_reference
869.0,0.99726,S2_framework_r08,synthetic_reference
870.0,0.99859,S2_framework_r08,synthetic_reference
871.0,0.99652,S2_framework_r08,synthetic_reference
872.0,0.9988,S2_framework_r08,synthetic_reference
873.0,0.99358,S2_framework_r08,synthetic_reference
874.0,1.0,S2_framework_r08,synthetic_reference
875.0,1.0,S2_framework_r08,synthetic_reference
876.0,0.9982,S2_framework_r08,synthetic_reference
877.0,0.99511,S2_framework_r08,synthetic_reference
878.0,0.99629,S2_framework_r08,synthetic_reference
879.0,1.0,S2_framework_r08,synthetic_reference
880.0,0.9992,S2_framework_r08,synthetic_reference
881.0,0.99855,S2_framework_r08,synthetic_reference
882.0,0.99609,S2_framework_r08,synthetic_reference
883.0,0.99606,S2_framework_r08,synthetic_reference
884.0,0.9979,S2_framework_r08,synthetic_reference
885.0,0.99838,S2_framework_r08,synthetic_reference
886.0,0.99686,S2_framework_r08,synthetic_reference
887.0,1.0,S2_framework_r08,synthetic_reference
888.0,0.99894,S2_framework_r08,synthetic_reference
889.0,0.99919,S2_framework_r08,synthetic_reference
890.0,1.0,S2_framework_r08,synthetic_reference
891.0,0.99398,S2_framework_r08,synthetic_reference
892.0,0.99631,S2_framework_r08,synthetic_reference
893.0,0.99389,S2_framework_r08,synthetic_reference
894.0,0.99775,S2_framework_r08,synthetic_reference
895.0,0.99354,S2_framework_r08,synthetic_reference
896.0,0.99982,S2_framework_r08,synthetic_reference
897.0,1.0,S2_framework_r08,synthetic_reference
898.0,0.99755,S2_framework_r08,synthetic_reference
899.0,0.99638,S2_framework_r08,synthetic_reference
900.0,0.9959,S2_framework_r08,synthetic_reference
901.0,1.0,S2_framework_r08,synthetic_reference
902.0,0.99821,S2_framework_r08,synthetic_reference
903.0,0.99502,S2_framework_r08,synthetic_reference
904.0,0.99938,S2_framework_r08,synthetic_reference
905.0,0.99956,S2_framework_r08,synthetic_reference
906.0,0.99937,S2_framework_r08,synthetic_reference
907.0,1.0,S2_framework_r08,synthetic_reference
908.0,0.99631,S2_framework_r08,synthetic_reference
909.0,0.99854,S2_framework_r08,synthetic_reference
910.0,0.99641,S2_framework_r08,synthetic_reference
911.0,0.99991,S2_framework_r08,synthetic_reference
912.0,0.99558,S2_framework_r08,synthetic_reference
913.0,1.0,S2_framework_r08,synthetic_reference
914.0,0.99779,S2_framework_r08,synthetic_reference
915.0,0.99831,S2_framework_r08,synthetic_reference
916.0,1.0,S2_framework_r08,synthetic_reference
917.0,1.0,S2_framework_r08,synthetic_reference
918.0,0.99864,S2_framework_r08,synthetic_reference
919.0,0.99855,S2_framework_r08,synthetic_reference
920.0,1.0,S2_framework_r08,synthetic_reference
921.0,0.99969,S2_framework_r08,synthetic_reference
922.0,0.99878,S2_framework_r08,synthetic_reference
923.0,0.99386,S2_framework_r08,synthetic_reference
924.0,0.99799,S2_framework_r08,synthetic_reference
925.0,0.99377,S2_framework_r08,synthetic_reference
926.0,1.0,S2_framework_r08,synthetic_reference
927.0,1.0,S2_framework_r08,synthetic_reference
928.0,0.99666,S2_framework_r08,synthetic_reference
929.0,1.0,S2_framework_r08,synthetic_reference
930.0,0.99705,S2_framework_r08,synthetic_reference
931.0,0.99766,S2_framework_r08,synthetic_reference
932.0,0.99897,S2_framework_r08,synthetic_reference
933.0,0.99852,S2_framework_r08,synthetic_reference
934.0,1.0,S2_framework_r08,synthetic_reference
935.0,0.99733,S2_framework_r08,synthetic_reference
936.0,1.0,S2_framework_r08,synthetic_reference
937.0,0.99941,S2_framework_r08,synthetic_reference
938.0,0.99823,S2_framework_r08,synthetic_reference
939.0,0.99888,S2_framework_r08,synthetic_reference
940.0,0.99918,S2_framework_r08,synthetic_reference
941.0,1.0,S2_framework_r08,synthetic_reference
942.0,0.99937,S2_framework_r08,synthetic_reference
943.0,1.0,S2_framework_r08,synthetic_reference
944.0,0.99658,S2_framework_r08,synthetic_reference
945.0,0.99931,S2_framework_r08,synthetic_reference
946.0,0.99556,S2_framework_r08,synthetic_reference
947.0,0.99755,S2_framework_r08,synthetic_reference
948.0,0.9997,S2_framework_r08,synthetic_reference
949.0,0.9949,S2_framework_r08,synthetic_reference
950.0,0.99789,S2_framework_r08,synthetic_reference
951.0,0.99734,S2_framework_r08,synthetic_reference
952.0,0.99976,S2_framework_r08,synthetic_reference
953.0,1.0,S2_framework_r08,synthetic_reference
954.0,0.99796,S2_framework_r08,synthetic_reference
955.0,0.99698,S2_framework_r08,synthetic_reference
956.0,0.99406,S2_framework_r08,synthetic_reference
957.0,0.99916,S2_framework_r08,synthetic_reference
958.0,0.99414,S2_framework_r08,synthetic_reference
959.0,0.99826,S2_framework_r08,synthetic_reference
960.0,0.99603,S2_framework_r08,synthetic_reference
961.0,0.99693,S2_framework_r08,synthetic_reference
962.0,1.0,S2_framework_r08,synthetic_reference
963.0,0.99975,S2_framework_r08,synthetic_reference
964.0,1.0,S2_framework_r08,synthetic_reference
965.0,1.0,S2_framework_r08,synthetic_reference
966.0,0.99424,S2_framework_r08,synthetic_reference
967.0,0.99486,S2_framework_r08,synthetic_reference
968.0,0.99956,S2_framework_r08,synthetic_reference
969.0,0.99695,S2_framework_r08,synthetic_reference
970.0,0.99849,S2_framework_r08,synthetic_reference
971.0,1.0,S2_framework_r08,synthetic_reference
972.0,1.0,S2_framework_r08,synthetic_reference
973.0,1.0,S2_framework_r08,synthetic_reference
974.0,1.0,S2_framework_r08,synthetic_reference
975.0,1.0,S2_framework_r08,synthetic_reference
976.0,0.99974,S2_framework_r08,synthetic_reference
977.0,1.0,S2_framework_r08,synthetic_reference
978.0,0.99915,S2_framework_r08,synthetic_reference
979.0,0.99673,S2_framework_r08,synthetic_reference
980.0,0.99454,S2_framework_r08,synthetic_reference
981.0,0.99727,S2_framework_r08,synthetic_reference
982.0,1.0,S2_framework_r08,synthetic_reference
983.0,0.99575,S2_framework_r08,synthetic_reference
984.0,0.99994,S2_framework_r08,synthetic_reference
985.0,0.99564,S2_framework_r08,synthetic_reference
986.0,0.9973,S2_framework_r08,synthetic_reference
987.0,0.99976,S2_framework_r08,synthetic_reference
988.0,0.99807,S2_framework_r08,synthetic_reference
989.0,1.0,S2_framework_r08,synthetic_reference
990.0,0.99698,S2_framework_r08,synthetic_reference
991.0,0.99946,S2_framework_r08,synthetic_reference
992.0,0.99633,S2_framework_r08,synthetic_reference
993.0,1.0,S2_framework_r08,synthetic_reference
994.0,1.0,S2_framework_r08,synthetic_reference
995.0,0.99775,S2_framework_r08,synthetic_reference
996.0,0.99495,S2_framework_r08,synthetic_reference
997.0,0.99675,S2_framework_r08,synthetic_reference
998.0,0.99747,S2_framework_r08,synthetic_reference
999.0,1.0,S2_framework_r08,synthetic_reference
1000.0,0.99799,S2_framework_r08,synthetic_reference
1001.0,1.0,S2_framework_r08,synthetic_reference
1002.0,0.99713,S2_framework_r08,synthetic_reference
1003.0,0.99971,S2_framework_r08,synthetic_reference
1004.0,1.0,S2_framework_r08,synthetic_reference
1005.0,1.0,S2_framework_r08,synthetic_reference
1006.0,0.99819,S2_framework_r08,synthetic_reference
1007.0,1.0,S2_framework_r08,synthetic_reference
1008.0,1.0,S2_framework_r08,synthetic_reference
1009.0,0.9994,S2_framework_r08,synthetic_reference
1010.0,1.0,S2_framework_r08,synthetic_reference
1011.0,0.99658,S2_framework_r08,synthetic_reference
1012.0,0.9998,S2_framework_r08,synthetic_reference
1013.0,0.99971,S2_framework_r08,synthetic_reference
1014.0,0.99801,S2_framework_r08,synthetic_reference
1015.0,0.99925,S2_framework_r08,synthetic_reference
1016.0,0.99398,S2_framework_r08,synthetic_reference
1017.0,0.99494,S2_framework_r08,synthetic_reference
1018.0,1.0,S2_framework_r08,synthetic_reference
1019.0,0.99775,S2_framework_r08,synthetic_reference
1020.0,0.99891,S2_framework_r08,synthetic_reference
1021.0,0.99616,S2_framework_r08,synthetic_reference
1022.0,0.99969,S2_framework_r08,synthetic_reference
1023.0,0.99986,S2_framework_r08,synthetic_reference
1024.0,1.0,S2_framework_r08,synthetic_reference
1025.0,0.99754,S2_framework_r08,synthetic_reference
1026.0,1.0,S2_framework_r08,synthetic_reference
1027.0,0.99383,S2_framework_r08,synthetic_reference
1028.0,0.99953,S2_framework_r08,synthetic_reference
1029.0,1.0,S2_framework_r08,synthetic_reference
1030.0,0.99964,S2_framework_r08,synthetic_reference
1031.0,0.99305,S2_framework_r08,synthetic_reference
1032.0,0.99708,S2_framework_r08,synthetic_reference
1033.0,1.0,S2_framework_r08,synthetic_reference
1034.0,1.0,S2_framework_r08,synthetic_reference
1035.0,0.99674,S2_framework_r08,synthetic_reference
1036.0,0.99919,S2_framework_r08,synthetic_reference
1037.0,0.99911,S2_framework_r08,synthetic_reference
1038.0,1.0,S2_framework_r08,synthetic_reference
1039.0,0.99942,S2_framework_r08,synthetic_reference
1040.0,0.99982,S2_framework_r08,synthetic_reference
1041.0,0.9993,S2_framework_r08,synthetic_reference
1042.0,0.99827,S2_framework_r08,synthetic_reference
1043.0,0.99674,S2_framework_r08,synthetic_reference
1044.0,1.0,S2_framework_r08,synthetic_reference
1045.0,1.0,S2_framework_r08,synthetic_reference
1046.0,0.99342,S2_framework_r08,synthetic_reference
1047.0,1.0,S2_framework_r08,synthetic_reference
1048.0,0.99921,S2_framework_r08,synthetic_reference
1049.0,1.0,S2_framework_r08,synthetic_reference
1050.0,1.0,S2_framework_r08,synthetic_reference
1051.0,1.0,S2_framework_r08,synthetic_reference
1052.0,0.9976,S2_framework_r08,synthetic_reference
1053.0,0.99866,S2_framework_r08,synthetic_reference
1054.0,0.99639,S2_framework_r08,synthetic_reference
1055.0,0.99732,S2_framework_r08,synthetic_reference
1056.0,0.99939,S2_framework_r08,synthetic_reference
1057.0,0.99973,S2_framework_r08,synthetic_reference
1058.0,0.9993,S2_framework_r08,synthetic_reference
1059.0,1.0,S2_framework_r08,synthetic_reference
1060.0,0.99805,S2_framework_r08,synthetic_reference
1061.0,0.99867,S2_framework_r08,synthetic_reference
1062.0,0.99745,S2_framework_r08,synthetic_reference
1063.0,1.0,S2_framework_r08,synthetic_reference
1064.0,0.99895,S2_framework_r08,synthetic_reference
1065.0,0.99787,S2_framework_r08,synthetic_reference
1066.0,0.99834,S2_framework_r08,synthetic_reference
1067.0,0.9982,S2_framework_r08,synthetic_reference
1068.0,1.0,S2_framework_r08,synthetic_reference
1069.0,0.99996,S2_framework_r08,synthetic_reference
1070.0,0.99905,S2_framework_r08,synthetic_reference
1071.0,0.99894,S2_framework_r08,synthetic_reference
1072.0,1.0,S2_framework_r08,synthetic_reference
1073.0,0.99865,S2_framework_r08,synthetic_reference
1074.0,1.0,S2_framework_r08,synthetic_reference
1075.0,0.99995,S2_framework_r08,synthetic_reference
1076.0,0.99693,S2_framework_r08,synthetic_reference
1077.0,0.99701,S2_framework_r08,synthetic_reference
1078.0,1.0,S2_framework_r08,synthetic_reference
1079.0,1.0,S2_framework_r08,synthetic_reference
1080.0,1.0,S2_framework_r08,synthetic_reference
1081.0,0.99855,S2_framework_r08,synthetic_reference
1082.0,0.9999,S2_framework_r08,synthetic_reference
1083.0,1.0,S2_framework_r08,synthetic_reference
1084.0,1.0,S2_framework_r08,synthetic_reference
1085.0,0.9936,S2_framework_r08,synthetic_reference
1086.0,0.99436,S2_framework_r08,synthetic_reference
1087.0,0.9984,S2_framework_r08,synthetic_reference
1088.0,1.0,S2_framework_r08,synthetic_reference
1089.0,1.0,S2_framework_r08,synthetic_reference
1090.0,0.99922,S2_framework_r08,synthetic_reference
1091.0,0.99498,S2_framework_r08,synthetic_reference
1092.0,0.99639,S2_framework_r08,synthetic_reference
1093.0,0.99981,S2_framework_r08,synthetic_reference
1094.0,1.0,S2_framework_r08,synthetic_reference
1095.0,0.99754,S2_framework_r08,synthetic_reference
1096.0,0.99831,S2_framework_r08,synthetic_reference
1097.0,1.0,S2_framework_r08,synthetic_reference
1098.0,0.9991,S2_framework_r08,synthetic_reference
1099.0,0.99935,S2_framework_r08,synthetic_reference
1100.0,0.9981,S2_framework_r08,synthetic_reference
1101.0,0.9993,S2_framework_r08,synthetic_reference
1102.0,0.99429,S2_framework_r08,synthetic_reference
1103.0,0.99806,S2_framework_r08,synthetic_reference
1104.0,0.99835,S2_framework_r08,synthetic_reference
1105.0,0.99729,S2_framework_r08,synthetic_reference
1106.0,0.99906,S2_framework_r08,synthetic_reference
1107.0,1.0,S2_framework_r08,synthetic_reference
1108.0,0.9987,S2_framework_r08,synthetic_reference
1109.0,0.99976,S2_framework_r08,synthetic_reference
1110.0,0.99977,S2_framework_r08,synthetic_reference
1111.0,0.99911,S2_framework_r08,synthetic_reference
1112.0,0.99991,S2_framework_r08,synthetic_reference
1113.0,0.99827,S2_framework_r08,synthetic_reference
1114.0,0.99261,S2_framework_r08,synthetic_reference
1115.0,1.0,S2_framework_r08,synthetic_reference
1116.0,0.99779,S2_framework_r08,synthetic_reference
1117.0,0.99826,S2_framework_r08,synthetic_reference
1118.0,0.99892,S2_framework_r08,synthetic_reference
1119.0,0.99907,S2_framework_r08,synthetic_reference
1120.0,0.99948,S2_framework_r08,synthetic_reference
1121.0,1.0,S2_framework_r08,synthetic_reference
1122.0,0.9983,S2_framework_r08,synthetic_reference
1123.0,0.99842,S2_framework_r08,synthetic_reference
1124.0,0.99386,S2_framework_r08,synthetic_reference
1125.0,1.0,S2_framework_r08,synthetic_reference
1126.0,0.99967,S2_framework_r08,synthetic_reference
1127.0,0.99737,S2_framework_r08,synthetic_reference
1128.0,0.99768,S2_framework_r08,synthetic_reference
1129.0,0.99966,S2_framework_r08,synthetic_reference
1130.0,0.99704,S2_framework_r08,synthetic_reference
1131.0,0.99805,S2_framework_r08,synthetic_reference
1132.0,1.0,S2_framework_r08,synthetic_reference
1133.0,0.99822,S2_framework_r08,synthetic_reference
1134.0,1.0,S2_framework_r08,synthetic_reference
1135.0,0.99972,S2_framework_r08,synthetic_reference
1136.0,0.99979,S2_framework_r08,synthetic_reference
1137.0,0.99924,S2_framework_r08,synthetic_reference
1138.0,1.0,S2_framework_r08,synthetic_reference
1139.0,1.0,S2_framework_r08,synthetic_reference
1140.0,0.99604,S2_framework_r08,synthetic_reference
1141.0,1.0,S2_framework_r08,synthetic_reference
1142.0,0.99622,S2_framework_r08,synthetic_reference
1143.0,0.99944,S2_framework_r08,synthetic_reference
1144.0,1.0,S2_framework_r08,synthetic_reference
1145.0,0.99699,S2_framework_r08,synthetic_reference
1146.0,0.99693,S2_framework_r08,synthetic_reference
1147.0,0.99706,S2_framework_r08,synthetic_reference
1148.0,1.0,S2_framework_r08,synthetic_reference
1149.0,1.0,S2_framework_r08,synthetic_reference
1150.0,0.99932,S2_framework_r08,synthetic_reference
1151.0,0.99511,S2_framework_r08,synthetic_reference
1152.0,0.99976,S2_framework_r08,synthetic_reference
1153.0,1.0,S2_framework_r08,synthetic_reference
1154.0,0.99914,S2_framework_r08,synthetic_reference
1155.0,0.99745,S2_framework_r08,synthetic_reference
1156.0,0.99693,S2_framework_r08,synthetic_reference
1157.0,1.0,S2_framework_r08,synthetic_reference
1158.0,1.0,S2_framework_r08,synthetic_reference
1159.0,1.0,S2_framework_r08,synthetic_reference
1160.0,1.0,S2_framework_r08,synthetic_reference
1161.0,0.99695,S2_framework_r08,synthetic_reference
1162.0,0.99751,S2_framework_r08,synthetic_reference
1163.0,0.99836,S2_framework_r08,synthetic_reference
1164.0,0.99778,S2_framework_r08,synthetic_reference
1165.0,0.9991,S2_framework_r08,synthetic_reference
1166.0,0.99968,S2_framework_r08,synthetic_reference
1167.0,1.0,S2_framework_r08,synthetic_reference
1168.0,0.99821,S2_framework_r08,synthetic_reference
1169.0,1.0,S2_framework_r08,synthetic_reference
1170.0,0.99864,S2_framework_r08,synthetic_reference
1171.0,0.99703,S2_framework_r08,synthetic_reference
1172.0,1.0,S2_framework_r08,synthetic_reference
1173.0,0.99671,S2_framework_r08,synthetic_reference
1174.0,0.99813,S2_framework_r08,synthetic_reference
1175.0,1.0,S2_framework_r08,synthetic_reference
1176.0,0.99884,S2_framework_r08,synthetic_reference
1177.0,1.0,S2_framework_r08,synthetic_reference
1178.0,0.99604,S2_framework_r08,synthetic_reference
1179.0,0.99591,S2_framework_r08,synthetic_reference
1180.0,1.0,S2_framework_r08,synthetic_reference
1181.0,1.0,S2_framework_r08,synthetic_reference
1182.0,1.0,S2_framework_r08,synthetic_reference
1183.0,1.0,S2_framework_r08,synthetic_reference
1184.0,0.99418,S2_framework_r08,synthetic_reference
1185.0,1.0,S2_framework_r08,synthetic_reference
1186.0,0.99961,S2_framework_r08,synthetic_reference
1187.0,1.0,S2_framework_r08,synthetic_reference
1188.0,0.99827,S2_framework_r08,synthetic_reference
1189.0,1.0,S2_framework_r08,synthetic_reference
1190.0,1.0,S2_framework_r08,synthetic_reference
1191.0,0.99782,S2_framework_r08,synthetic_reference
1192.0,0.99923,S2_framework_r08,synthetic_reference
1193.0,0.99755,S2_framework_r08,synthetic_reference
1194.0,1.0,S2_framework_r08,synthetic_reference
1195.0,0.99566,S2_framework_r08,synthetic_reference
1196.0,0.99889,S2_framework_r08,synthetic_reference
1197.0,1.0,S2_framework_r08,synthetic_reference
1198.0,1.0,S2_framework_r08,synthetic_reference
1199.0,1.0,S2_framework_r08,synthetic_reference
1200.0,1.0,S2_framework_r08,synthetic_reference
1201.0,0.9993,S2_framework_r08,synthetic_reference
1202.0,0.99831,S2_framework_r08,synthetic_reference
1203.0,0.99916,S2_framework_r08,synthetic_reference
1204.0,0.99956,S2_framework_r08,synthetic_reference
1205.0,1.0,S2_framework_r08,synthetic_reference
1206.0,1.0,S2_framework_r08,synthetic_reference
1207.0,1.0,S2_framework_r08,synthetic_reference
1208.0,0.99856,S2_framework_r08,synthetic_reference
1209.0,0.99918,S2_framework_r08,synthetic_reference
1210.0,0.99721,S2_framework_r08,synthetic_reference
1211.0,0.99788,S2_framework_r08,synthetic_reference
1212.0,0.9976,S2_framework_r08,synthetic_reference
1213.0,0.9998,S2_framework_r08,synthetic_reference
1214.0,0.99804,S2_framework_r08,synthetic_reference
1215.0,0.99797,S2_framework_r08,synthetic_reference
1216.0,0.99894,S2_framework_r08,synthetic_reference
1217.0,0.99938,S2_framework_r08,synthetic_reference
1218.0,0.99668,S2_framework_r08,synthetic_reference
1219.0,1.0,S2_framework_r08,synthetic_reference
1220.0,1.0,S2_framework_r08,synthetic_reference
1221.0,0.99785,S2_framework_r08,synthetic_reference
1222.0,0.99999,S2_framework_r08,synthetic_reference
1223.0,0.99841,S2_framework_r08,synthetic_reference
1224.0,1.0,S2_framework_r08,synthetic_reference
1225.0,0.99783,S2_framework_r08,synthetic_reference
1226.0,0.99476,S2_framework_r08,synthetic_reference
1227.0,0.99748,S2_framework_r08,synthetic_reference
1228.0,1.0,S2_framework_r08,synthetic_reference
1229.0,1.0,S2_framework_r08,synthetic_reference
1230.0,0.99493,S2_framework_r08,synthetic_reference
1231.0,0.99527,S2_framework_r08,synthetic_reference
1232.0,0.99948,S2_framework_r08,synthetic_reference
1233.0,0.99645,S2_framework_r08,synthetic_reference
1234.0,0.99305,S2_framework_r08,synthetic_reference
1235.0,0.99548,S2_framework_r08,synthetic_reference
1236.0,0.99919,S2_framework_r08,synthetic_reference
1237.0,1.0,S2_framework_r08,synthetic_reference
1238.0,1.0,S2_framework_r08,synthetic_reference
1239.0,0.99646,S2_framework_r08,synthetic_reference
1240.0,0.99813,S2_framework_r08,synthetic_reference
1241.0,1.0,S2_framework_r08,synthetic_reference
1242.0,0.99285,S2_framework_r08,synthetic_reference
1243.0,0.99921,S2_framework_r08,synthetic_reference
1244.0,0.99769,S2_framework_r08,synthetic_reference
1245.0,0.99798,S2_framework_r08,synthetic_reference
1246.0,1.0,S2_framework_r08,synthetic_reference
1247.0,0.99745,S2_framework_r08,synthetic_reference
1248.0,0.99947,S2_framework_r08,synthetic_reference
1249.0,0.99836,S2_framework_r08,synthetic_reference
1250.0,0.99866,S2_framework_r08,synthetic_reference
1251.0,0.99729,S2_framework_r08,synthetic_reference
1252.0,0.99525,S2_framework_r08,synthetic_reference
1253.0,0.99905,S2_framework_r08,synthetic_reference
1254.0,1.0,S2_framework_r08,synthetic_reference
1255.0,1.0,S2_framework_r08,synthetic_reference
1256.0,1.0,S2_framework_r08,synthetic_reference
1257.0,0.99961,S2_framework_r08,synthetic_reference
1258.0,0.9986,S2_framework_r08,synthetic_reference
1259.0,1.0,S2_framework_r08,synthetic_reference
1260.0,0.99711,S2_framework_r08,synthetic_reference
1261.0,0.99948,S2_framework_r08,synthetic_reference
1262.0,1.0,S2_framework_r08,synthetic_reference
1263.0,0.99967,S2_framework_r08,synthetic_reference
1264.0,0.99636,S2_framework_r08,synthetic_reference
1265.0,0.99988,S2_framework_r08,synthetic_reference
1266.0,1.0,S2_framework_r08,synthetic_reference
1267.0,0.9953,S2_framework_r08,synthetic_reference
1268.0,0.9968,S2_framework_r08,synthetic_reference
1269.0,1.0,S2_framework_r08,synthetic_reference
1270.0,0.99912,S2_framework_r08,synthetic_reference
1271.0,1.0,S2_framework_r08,synthetic_reference
1272.0,0.99907,S2_framework_r08,synthetic_reference
1273.0,0.99763,S2_framework_r08,synthetic_reference
1274.0,0.99807,S2_framework_r08,synthetic_reference
1275.0,0.99587,S2_framework_r08,synthetic_reference
1276.0,0.99509,S2_framework_r08,synthetic_reference
1277.0,0.99772,S2_framework_r08,synthetic_reference
1278.0,0.99835,S2_framework_r08,synthetic_reference
1279.0,0.99665,S2_framework_r08,synthetic_reference
1280.0,0.99829,S2_framework_r08,synthetic_reference
1281.0,0.99991,S2_framework_r08,synthetic_reference
1282.0,0.99751,S2_framework_r08,synthetic_reference
1283.0,0.99916,S2_framework_r08,synthetic_reference
1284.0,0.99592,S2_framework_r08,synthetic_reference
1285.0,0.99889,S2_framework_r08,synthetic_reference
1286.0,1.0,S2_framework_r08,synthetic_reference
1287.0,1.0,S2_framework_r08,synthetic_reference
1288.0,1.0,S2_framework_r08,synthetic_reference
1289.0,1.0,S2_framework_r08,synthetic_reference
1290.0,1.0,S2_framework_r08,synthetic_reference
1291.0,0.99776,S2_framework_r08,synthetic_reference
1292.0,0.99776,S2_framework_r08,synthetic_reference
1293.0,0.99786,S2_framework_r08,synthetic_reference
1294.0,1.0,S2_framework_r08,synthetic_reference
1295.0,0.99898,S2_framework_r08,synthetic_reference
1296.0,0.99967,S2_framework_r08,synthetic_reference
1297.0,0.99952,S2_framework_r08,synthetic_reference
1298.0,0.99967,S2_framework_r08,synthetic_reference
1299.0,0.99736,S2_framework_r08,synthetic_reference
1300.0,0.99342,S2_framework_r08,synthetic_reference
1301.0,0.99998,S2_framework_r08,synthetic_reference
1302.0,0.99588,S2_framework_r08,synthetic_reference
1303.0,1.0,S2_framework_r08,synthetic_reference
1304.0,1.0,S2_framework_r08,synthetic_reference
1305.0,0.99858,S2_framework_r08,synthetic_reference
1306.0,1.0,S2_framework_r08,synthetic_reference
1307.0,1.0,S2_framework_r08,synthetic_reference
1308.0,1.0,S2_framework_r08,synthetic_reference
1309.0,1.0,S2_framework_r08,synthetic_reference
1310.0,0.99865,S2_framework_r08,synthetic_reference
1311.0,1.0,S2_framework_r08,synthetic_reference
1312.0,0.99893,S2_framework_r08,synthetic_reference
1313.0,0.99713,S2_framework_r08,synthetic_reference
1314.0,0.9999,S2_framework_r08,synthetic_reference
1315.0,1.0,S2_framework_r08,synthetic_reference
1316.0,0.99522,S2_framework_r08,synthetic_reference
1317.0,0.99833,S2_framework_r08,synthetic_reference
1318.0,1.0,S2_framework_r08,synthetic_reference
1319.0,1.0,S2_framework_r08,synthetic_reference
1320.0,0.99669,S2_framework_r08,synthetic_reference
1321.0,0.99621,S2_framework_r08,synthetic_reference
1322.0,1.0,S2_framework_r08,synthetic_reference
1323.0,0.99975,S2_framework_r08,synthetic_reference
1324.0,0.9975,S2_framework_r08,synthetic_reference
1325.0,1.0,S2_framework_r08,synthetic_reference
1326.0,0.99724,S2_framework_r08,synthetic_reference
1327.0,0.99771,S2_framework_r08,synthetic_reference
1328.0,1.0,S2_framework_r08,synthetic_reference
1329.0,0.99415,S2_framework_r08,synthetic_reference
1330.0,1.0,S2_framework_r08,synthetic_reference
1331.0,0.99641,S2_framework_r08,synthetic_reference
1332.0,0.99836,S2_framework_r08,synthetic_reference
1333.0,0.99762,S2_framework_r08,synthetic_reference
1334.0,1.0,S2_framework_r08,synthetic_reference
1335.0,0.99992,S2_framework_r08,synthetic_reference
1336.0,0.998,S2_framework_r08,synthetic_reference
1337.0,1.0,S2_framework_r08,synthetic_reference
1338.0,0.99641,S2_framework_r08,synthetic_reference
1339.0,1.0,S2_framework_r08,synthetic_reference
1340.0,1.0,S2_framework_r08,synthetic_reference
1341.0,0.99966,S2_framework_r08,synthetic_reference
1342.0,0.9995,S2_framework_r08,synthetic_reference
1343.0,0.99643,S2_framework_r08,synthetic_reference
1344.0,0.99601,S2_framework_r08,synthetic_reference
1345.0,0.99872,S2_framework_r08,synthetic_reference
1346.0,0.99744,S2_framework_r08,synthetic_reference
1347.0,0.99855,S2_framework_r08,synthetic_reference
1348.0,0.99864,S2_framework_r08,synthetic_reference
1349.0,0.99515,S2_framework_r08,synthetic_reference
1350.0,1.0,S2_framework_r08,synthetic_reference
1351.0,1.0,S2_framework_r08,synthetic_reference
1352.0,0.99612,S2_framework_r08,synthetic_reference
1353.0,1.0,S2_framework_r08,synthetic_reference
1354.0,1.0,S2_framework_r08,synthetic_reference
1355.0,0.99537,S2_framework_r08,synthetic_reference
1356.0,0.99648,S2_framework_r08,synthetic_reference
1357.0,1.0,S2_framework_r08,synthetic_reference
1358.0,0.99846,S2_framework_r08,synthetic_reference
1359.0,1.0,S2_framework_r08,synthetic_reference
1360.0,0.99974,S2_framework_r08,synthetic_reference
1361.0,0.99502,S2_framework_r08,synthetic_reference
1362.0,0.99949,S2_framework_r08,synthetic_reference
1363.0,1.0,S2_framework_r08,synthetic_reference
1364.0,1.0,S2_framework_r08,synthetic_reference
1365.0,0.99716,S2_framework_r08,synthetic_reference
1366.0,0.99758,S2_framework_r08,synthetic_reference
1367.0,1.0,S2_framework_r08,synthetic_reference
1368.0,0.99821,S2_framework_r08,synthetic_reference
1369.0,0.99696,S2_framework_r08,synthetic_reference
1370.0,0.9982,S2_framework_r08,synthetic_reference
1371.0,0.99633,S2_framework_r08,synthetic_reference
1372.0,1.0,S2_framework_r08,synthetic_reference
1373.0,0.99667,S2_framework_r08,synthetic_reference
1374.0,0.99826,S2_framework_r08,synthetic_reference
1375.0,1.0,S2_framework_r08,synthetic_reference
1376.0,0.99864,S2_framework_r08,synthetic_reference
1377.0,0.99679,S2_framework_r08,synthetic_reference
1378.0,0.99816,S2_framework_r08,synthetic_reference
1379.0,0.99603,S2_framework_r08,synthetic_reference
1380.0,0.99852,S2_framework_r08,synthetic_reference
1381.0,0.99443,S2_framework_r08,synthetic_reference
1382.0,0.9955,S2_framework_r08,synthetic_reference
1383.0,1.0,S2_framework_r08,synthetic_reference
1384.0,0.99741,S2_framework_r08,synthetic_reference
1385.0,0.99802,S2_framework_r08,synthetic_reference
1386.0,0.99989,S2_framework_r08,synthetic_reference
1387.0,0.99956,S2_framework_r08,synthetic_reference
1388.0,0.99377,S2_framework_r08,synthetic_reference
1389.0,0.99681,S2_framework_r08,synthetic_reference
1390.0,0.99589,S2_framework_r08,synthetic_reference
1391.0,1.0,S2_framework_r08,synthetic_reference
1392.0,0.99772,S2_framework_r08,synthetic_reference
1393.0,0.99834,S2_framework_r08,synthetic_reference
1394.0,0.99613,S2_framework_r08,synthetic_reference
1395.0,0.99524,S2_framework_r08,synthetic_reference
1396.0,1.0,S2_framework_r08,synthetic_reference
1397.0,0.99815,S2_framework_r08,synthetic_reference
1398.0,0.99931,S2_framework_r08,synthetic_reference
1399.0,1.0,S2_framework_r08,synthetic_reference
1400.0,1.0,S2_framework_r08,synthetic_reference
1401.0,0.99418,S2_framework_r08,synthetic_reference
1402.0,0.99744,S2_framework_r08,synthetic_reference
1403.0,0.99711,S2_framework_r08,synthetic_reference
1404.0,0.99635,S2_framework_r08,synthetic_reference
1405.0,0.99457,S2_framework_r08,synthetic_reference
1406.0,1.0,S2_framework_r08,synthetic_reference
1407.0,0.99731,S2_framework_r08,synthetic_reference
1408.0,0.99848,S2_framework_r08,synthetic_reference
1409.0,1.0,S2_framework_r08,synthetic_reference
1410.0,1.0,S2_framework_r08,synthetic_reference
1411.0,0.99589,S2_framework_r08,synthetic_reference
1412.0,1.0,S2_framework_r08,synthetic_reference
1413.0,0.99853,S2_framework_r08,synthetic_reference
1414.0,1.0,S2_framework_r08,synthetic_reference
1415.0,0.99776,S2_framework_r08,synthetic_reference
1416.0,0.99764,S2_framework_r08,synthetic_reference
1417.0,0.99897,S2_framework_r08,synthetic_reference
1418.0,0.9967,S2_framework_r08,synthetic_reference
1419.0,1.0,S2_framework_r08,synthetic_reference
1420.0,1.0,S2_framework_r08,synthetic_reference
1421.0,0.996,S2_framework_r08,synthetic_reference
1422.0,1.0,S2_framework_r08,synthetic_reference
1423.0,1.0,S2_framework_r08,synthetic_reference
1424.0,1.0,S2_framework_r08,synthetic_reference
1425.0,0.99628,S2_framework_r08,synthetic_reference
1426.0,1.0,S2_framework_r08,synthetic_reference
1427.0,0.996,S2_framework_r08,synthetic_reference
1428.0,0.9963,S2_framework_r08,synthetic_reference
1429.0,1.0,S2_framework_r08,synthetic_reference
1430.0,1.0,S2_framework_r08,synthetic_reference
1431.0,0.99719,S2_framework_r08,synthetic_reference
1432.0,1.0,S2_framework_r08,synthetic_reference
1433.0,1.0,S2_framework_r08,synthetic_reference
1434.0,0.99783,S2_framework_r08,synthetic_reference
1435.0,0.99986,S2_framework_r08,synthetic_reference
1436.0,1.0,S2_framework_r08,synthetic_reference
1437.0,0.99681,S2_framework_r08,synthetic_reference
1438.0,0.9954,S2_framework_r08,synthetic_reference
1439.0,0.99909,S2_framework_r08,synthetic_reference
1440.0,1.0,S2_framework_r08,synthetic_reference
1441.0,0.99918,S2_framework_r08,synthetic_reference
1442.0,1.0,S2_framework_r08,synthetic_reference
1443.0,0.99942,S2_framework_r08,synthetic_reference
1444.0,1.0,S2_framework_r08,synthetic_reference
1445.0,1.0,S2_framework_r08,synthetic_reference
1446.0,0.99388,S2_framework_r08,synthetic_reference
1447.0,0.99553,S2_framework_r08,synthetic_reference
1448.0,0.99537,S2_framework_r08,synthetic_reference
1449.0,0.99948,S2_framework_r08,synthetic_reference
1450.0,1.0,S2_framework_r08,synthetic_reference
1451.0,1.0,S2_framework_r08,synthetic_reference
1452.0,1.0,S2_framework_r08,synthetic_reference
1453.0,1.0,S2_framework_r08,synthetic_reference
1454.0,0.99901,S2_framework_r08,synthetic_reference
1455.0,0.99523,S2_framework_r08,synthetic_reference
1456.0,1.0,S2_framework_r08,synthetic_reference
1457.0,0.99774,S2_framework_r08,synthetic_reference
1458.0,0.99929,S2_framework_r08,synthetic_reference
1459.0,0.99889,S2_framework_r08,synthetic_reference
1460.0,1.0,S2_framework_r08,synthetic_reference
1461.0,1.0,S2_framework_r08,synthetic_reference
1462.0,0.99982,S2_framework_r08,synthetic_reference
1463.0,0.99412,S2_framework_r08,synthetic_reference
1464.0,0.99793,S2_framework_r08,synthetic_reference
1465.0,0.99482,S2_framework_r08,synthetic_reference
1466.0,1.0,S2_framework_r08,synthetic_reference
1467.0,1.0,S2_framework_r08,synthetic_reference
1468.0,0.99851,S2_framework_r08,synthetic_reference
1469.0,1.0,S2_framework_r08,synthetic_reference
1470.0,1.0,S2_framework_r08,synthetic_reference
1471.0,1.0,S2_framework_r08,synthetic_reference
1472.0,0.99815,S2_framework_r08,synthetic_reference
1473.0,0.99956,S2_framework_r08,synthetic_reference
1474.0,0.99785,S2_framework_r08,synthetic_reference
1475.0,1.0,S2_framework_r08,synthetic_reference
1476.0,1.0,S2_framework_r08,synthetic_reference
1477.0,0.99925,S2_framework_r08,synthetic_reference
1478.0,0.99918,S2_framework_r08,synthetic_reference
1479.0,0.99971,S2_framework_r08,synthetic_reference
1480.0,1.0,S2_framework_r08,synthetic_reference
1481.0,0.99963,S2_framework_r08,synthetic_reference
1482.0,0.9959,S2_framework_r08,synthetic_reference
1483.0,0.99644,S2_framework_r08,synthetic_reference
1484.0,0.99928,S2_framework_r08,synthetic_reference
1485.0,1.0,S2_framework_r08,synthetic_reference
1486.0,0.99907,S2_framework_r08,synthetic_reference
1487.0,0.9997,S2_framework_r08,synthetic_reference
1488.0,0.99963,S2_framework_r08,synthetic_reference
1489.0,1.0,S2_framework_r08,synthetic_reference
1490.0,0.99905,S2_framework_r08,synthetic_reference
1491.0,0.99757,S2_framework_r08,synthetic_reference
1492.0,0.99915,S2_framework_r08,synthetic_reference
1493.0,1.0,S2_framework_r08,synthetic_reference
1494.0,1.0,S2_framework_r08,synthetic_reference
1495.0,1.0,S2_framework_r08,synthetic_reference
1496.0,0.99706,S2_framework_r08,synthetic_reference
1497.0,1.0,S2_framework_r08,synthetic_reference
1498.0,0.99589,S2_framework_r08,synthetic_reference
1499.0,1.0,S2_framework_r08,synthetic_reference
1500.0,0.99827,S2_framework_r08,synthetic_reference
