run_id,block,order,config,topology,load_tps,repeat,trace_id,cell_id
RUN-0001,T0_local_100,0,C0,T0_local,100,2,L100-R02,C0_T0_local_100
RUN-0002,T0_local_100,1,C1,T0_local,100,1,L100-R01,C1_T0_local_100
RUN-0003,T0_local_100,2,C3,T0_local,100,1,L100-R01,C3_T0_local_100
RUN-0004,T0_local_100,3,C3,T0_local,100,3,L100-R03,C3_T0_local_100
RUN-0005,T0_local_100,4,C1,T0_local,100,3,L100-R03,C1_T0_local_100
RUN-0006,T0_local_100,5,C0,T0_local,100,3,L100-R03,C0_T0_local_100
RUN-0007,T0_local_100,6,C2,T0_local,100,2,L100-R02,C2_T0_local_100
RUN-0008,T0_local_100,7,C4,T0_local,100,1,L100-R01,C4_T0_local_100
RUN-0009,T0_local_100,8,C2,T0_local,100,1,L100-R01,C2_T0_local_100
RUN-0010,T0_local_100,9,C4,T0_local,100,2,L100-R02,C4_T0_local_100
RUN-0011,T0_local_100,10,C3,T0_local,100,2,L100-R02,C3_T0_local_100
RUN-0012,T0_local_100,11,C2,T0_local,100,3,L100-R03,C2_T0_local_100
RUN-0013,T0_local_100,12,C0,T0_local,100,1,L100-R01,C0_T0_local_100
RUN-0014,T0_local_100,13,C4,T0_local,100,3,L100-R03,C4_T0_local_100
RUN-0015,T0_local_100,14,C1,T0_local,100,2,L100-R02,C1_T0_local_100
RUN-0016,T0_local_200,0,C0,T0_local,200,1,L200-R01,C0_T0_local_200
RUN-0017,T0_local_200,1,C2,T0_local,200,1,L200-R01,C2_T0_local_200
RUN-0018,T0_local_200,2,C4,T0_local,200,1,L200-R01,C4_T0_local_200
RUN-0019,T0_local_200,3,C1,T0_local,200,1,L200-R01,C1_T0_local_200
RUN-0020,T0_local_200,4,C2,T0_local,200,2,L200-R02,C2_T0_local_200
RUN-0021,T0_local_200,5,C3,T0_local,200,3,L200-R03,C3_T0_local_200
RUN-0022,T0_local_200,6,C0,T0_local,200,3,L200-R03,C0_T0_local_200
RUN-0023,T0_local_200,7,C4,T0_local,200,3,L200-R03,C4_T0_local_200
RUN-0024,T0_local_200,8,C1,T0_local,200,2,L200-R02,C1_T0_local_200
RUN-0025,T0_local_200,9,C1,T0_local,200,3,L200-R03,C1_T0_local_200
RUN-0026,T0_local_200,10,C3,T0_local,200,1,L200-R01,C3_T0_local_200
RUN-0027,T0_local_200,11,C2,T0_local,200,3,L200-R03,C2_T0_local_200
RUN-0028,T0_local_200,12,C3,T0_local,200,2,L200-R02,C3_T0_local_200
RUN-0029,T0_local_200,13,C0,T0_local,200,2,L200-R02,C0_T0_local_200
RUN-0030,T0_local_200,14,C4,T0_local,200,2,L200-R02,C4_T0_local_200
RUN-0031,T0_local_25,0,C3,T0_local,25,1,L25-R01,C3_T0_local_25
RUN-0032,T0_local_25,1,C1,T0_local,25,3,L25-R03,C1_T0_local_25
RUN-0033,T0_local_25,2,C1,T0_local,25,1,L25-R01,C1_T0_local_25
RUN-0034,T0_local_25,3,C0,T0_local,25,1,L25-R01,C0_T0_local_25
RUN-0035,T0_local_25,4,C2,T0_local,25,1,L25-R01,C2_T0_local_25
RUN-0036,T0_local_25,5,C0,T0_local,25,2,L25-R02,C0_T0_local_25
RUN-0037,T0_local_25,6,C0,T0_local,25,3,L25-R03,C0_T0_local_25
RUN-0038,T0_local_25,7,C3,T0_local,25,3,L25-R03,C3_T0_local_25
RUN-0039,T0_local_25,8,C1,T0_local,25,2,L25-R02,C1_T0_local_25
RUN-0040,T0_local_25,9,C2,T0_local,25,2,L25-R02,C2_T0_local_25
RUN-0041,T0_local_25,10,C4,T0_local,25,1,L25-R01,C4_T0_local_25
RUN-0042,T0_local_25,11,C2,T0_local,25,3,L25-R03,C2_T0_local_25
RUN-0043,T0_local_25,12,C3,T0_local,25,2,L25-R02,C3_T0_local_25
RUN-0044,T0_local_25,13,C4,T0_local,25,2,L25-R02,C4_T0_local_25
RUN-0045,T0_local_25,14,C4,T0_local,25,3,L25-R03,C4_T0_local_25
RUN-0046,T0_local_400,0,C0,T0_local,400,3,L400-R03,C0_T0_local_400
RUN-0047,T0_local_400,1,C3,T0_local,400,2,L400-R02,C3_T0_local_400
RUN-0048,T0_local_400,2,C1,T0_local,400,2,L400-R02,C1_T0_local_400
RUN-0049,T0_local_400,3,C1,T0_local,400,1,L400-R01,C1_T0_local_400
RUN-0050,T0_local_400,4,C2,T0_local,400,2,L400-R02,C2_T0_local_400
RUN-0051,T0_local_400,5,C3,T0_local,400,3,L400-R03,C3_T0_local_400
RUN-0052,T0_local_400,6,C0,T0_local,400,2,L400-R02,C0_T0_local_400
RUN-0053,T0_local_400,7,C4,T0_local,400,3,L400-R03,C4_T0_local_400
RUN-0054,T0_local_400,8,C2,T0_local,400,3,L400-R03,C2_T0_local_400
RUN-0055,T0_local_400,9,C0,T0_local,400,1,L400-R01,C0_T0_local_400
RUN-0056,T0_local_400,10,C1,T0_local,400,3,L400-R03,C1_T0_local_400
RUN-0057,T0_local_400,11,C4,T0_local,400,2,L400-R02,C4_T0_local_400
RUN-0058,T0_local_400,12,C2,T0_local,400,1,L400-R01,C2_T0_local_400
RUN-0059,T0_local_400,13,C4,T0_local,400,1,L400-R01,C4_T0_local_400
RUN-0060,T0_local_400,14,C3,T0_local,400,1,L400-R01,C3_T0_local_400
RUN-0061,T0_local_50,0,C3,T0_local,50,2,L50-R02,C3_T0_local_50
RUN-0062,T0_local_50,1,C4,T0_local,50,3,L50-R03,C4_T0_local_50
RUN-0063,T0_local_50,2,C3,T0_local,50,3,L50-R03,C3_T0_local_50
RUN-0064,T0_local_50,3,C0,T0_local,50,2,L50-R02,C0_T0_local_50
RUN-0065,T0_local_50,4,C2,T0_local,50,1,L50-R01,C2_T0_local_50
RUN-0066,T0_local_50,5,C0,T0_local,50,1,L50-R01,C0_T0_local_50
RUN-0067,T0_local_50,6,C2,T0_local,50,2,L50-R02,C2_T0_local_50
RUN-0068,T0_local_50,7,C0,T0_local,50,3,L50-R03,C0_T0_local_50
RUN-0069,T0_local_50,8,C3,T0_local,50,1,L50-R01,C3_T0_local_50
RUN-0070,T0_local_50,9,C1,T0_local,50,2,L50-R02,C1_T0_local_50
RUN-0071,T0_local_50,10,C4,T0_local,50,2,L50-R02,C4_T0_local_50
RUN-0072,T0_local_50,11,C1,T0_local,50,3,L50-R03,C1_T0_local_50
RUN-0073,T0_local_50,12,C4,T0_local,50,1,L50-R01,C4_T0_local_50
RUN-0074,T0_local_50,13,C1,T0_local,50,1,L50-R01,C1_T0_local_50
RUN-0075,T0_local_50,14,C2,T0_local,50,3,L50-R03,C2_T0_local_50
RUN-0076,T1_vpn_100,0,C1,T1_vpn,100,3,L100-R03,C1_T1_vpn_100
RUN-0077,T1_vpn_100,1,C0,T1_vpn,100,1,L100-R01,C0_T1_vpn_100
RUN-0078,T1_vpn_100,2,C1,T1_vpn,100,2,L100-R02,C1_T1_vpn_100
RUN-0079,T1_vpn_100,3,C4,T1_vpn,100,2,L100-R02,C4_T1_vpn_100
RUN-0080,T1_vpn_100,4,C0,T1_vpn,100,3,L100-R03,C0_T1_vpn_100
RUN-0081,T1_vpn_100,5,C0,T1_vpn,100,2,L100-R02,C0_T1_vpn_100
RUN-0082,T1_vpn_100,6,C3,T1_vpn,100,1,L100-R01,C3_T1_vpn_100
RUN-0083,T1_vpn_100,7,C4,T1_vpn,100,3,L100-R03,C4_T1_vpn_100
RUN-0084,T1_vpn_100,8,C2,T1_vpn,100,1,L100-R01,C2_T1_vpn_100
RUN-0085,T1_vpn_100,9,C2,T1_vpn,100,2,L100-R02,C2_T1_vpn_100
RUN-0086,T1_vpn_100,10,C3,T1_vpn,100,3,L100-R03,C3_T1_vpn_100
RUN-0087,T1_vpn_100,11,C2,T1_vpn,100,3,L100-R03,C2_T1_vpn_100
RUN-0088,T1_vpn_100,12,C4,T1_vpn,100,1,L100-R01,C4_T1_vpn_100
RUN-0089,T1_vpn_100,13,C1,T1_vpn,100,1,L100-R01,C1_T1_vpn_100
RUN-0090,T1_vpn_100,14,C3,T1_vpn,100,2,L100-R02,C3_T1_vpn_100
RUN-0091,T1_vpn_200,0,C3,T1_vpn,200,1,L200-R01,C3_T1_vpn_200
RUN-0092,T1_vpn_200,1,C3,T1_vpn,200,2,L200-R02,C3_T1_vpn_200
RUN-0093,T1_vpn_200,2,C1,T1_vpn,200,3,L200-R03,C1_T1_vpn_200
RUN-0094,T1_vpn_200,3,C4,T1_vpn,200,2,L200-R02,C4_T1_vpn_200
RUN-0095,T1_vpn_200,4,C0,T1_vpn,200,1,L200-R01,C0_T1_vpn_200
RUN-0096,T1_vpn_200,5,C0,T1_vpn,200,3,L200-R03,C0_T1_vpn_200
RUN-0097,T1_vpn_200,6,C1,T1_vpn,200,1,L200-R01,C1_T1_vpn_200
RUN-0098,T1_vpn_200,7,C2,T1_vpn,200,2,L200-R02,C2_T1_vpn_200
RUN-0099,T1_vpn_200,8,C0,T1_vpn,200,2,L200-R02,C0_T1_vpn_200
RUN-0100,T1_vpn_200,9,C3,T1_vpn,200,3,L200-R03,C3_T1_vpn_200
RUN-0101,T1_vpn_200,10,C4,T1_vpn,200,3,L200-R03,C4_T1_vpn_200
RUN-0102,T1_vpn_200,11,C1,T1_vpn,200,2,L200-R02,C1_T1_vpn_200
RUN-0103,T1_vpn_200,12,C2,T1_vpn,200,3,L200-R03,C2_T1_vpn_200
RUN-0104,T1_vpn_200,13,C2,T1_vpn,200,1,L200-R01,C2_T1_vpn_200
RUN-0105,T1_vpn_200,14,C4,T1_vpn,200,1,L200-R01,C4_T1_vpn_200
RUN-0106,T1_vpn_25,0,C2,T1_vpn,25,2,L25-R02,C2_T1_vpn_25
RUN-0107,T1_vpn_25,1,C4,T1_vpn,25,2,L25-R02,C4_T1_vpn_25
RUN-0108,T1_vpn_25,2,C1,T1_vpn,25,3,L25-R03,C1_T1_vpn_25
RUN-0109,T1_vpn_25,3,C3,T1_vpn,25,2,L25-R02,C3_T1_vpn_25
RUN-0110,T1_vpn_25,4,C1,T1_vpn,25,1,L25-R01,C1_T1_vpn_25
RUN-0111,T1_vpn_25,5,C2,T1_vpn,25,1,L25-R01,C2_T1_vpn_25
RUN-0112,T1_vpn_25,6,C4,T1_vpn,25,1,L25-R01,C4_T1_vpn_25
RUN-0113,T1_vpn_25,7,C0,T1_vpn,25,3,L25-R03,C0_T1_vpn_25
RUN-0114,T1_vpn_25,8,C3,T1_vpn,25,1,L25-R01,C3_T1_vpn_25
RUN-0115,T1_vpn_25,9,C3,T1_vpn,25,3,L25-R03,C3_T1_vpn_25
RUN-0116,T1_vpn_25,10,C2,T1_vpn,25,3,L25-R03,C2_T1_vpn_25
RUN-0117,T1_vpn_25,11,C0,T1_vpn,25,1,L25-R01,C0_T1_vpn_25
RUN-0118,T1_vpn_25,12,C4,T1_vpn,25,3,L25-R03,C4_T1_vpn_25
RUN-0119,T1_vpn_25,13,C0,T1_vpn,25,2,L25-R02,C0_T1_vpn_25
RUN-0120,T1_vpn_25,14,C1,T1_vpn,25,2,L25-R02,C1_T1_vpn_25
RUN-0121,T1_vpn_400,0,C3,T1_vpn,400,1,L400-R01,C3_T1_vpn_400
RUN-0122,T1_vpn_400,1,C0,T1_vpn,400,1,L400-R01,C0_T1_vpn_400
RUN-0123,T1_vpn_400,2,C4,T1_vpn,400,3,L400-R03,C4_T1_vpn_400
RUN-0124,T1_vpn_400,3,C1,T1_vpn,400,2,L400-R02,C1_T1_vpn_400
RUN-0125,T1_vpn_400,4,C2,T1_vpn,400,1,L400-R01,C2_T1_vpn_400
RUN-0126,T1_vpn_400,5,C1,T1_vpn,400,1,L400-R01,C1_T1_vpn_400
RUN-0127,T1_vpn_400,6,C1,T1_vpn,400,3,L400-R03,C1_T1_vpn_400
RUN-0128,T1_vpn_400,7,C4,T1_vpn,400,1,L400-R01,C4_T1_vpn_400
RUN-0129,T1_vpn_400,8,C2,T1_vpn,400,3,L400-R03,C2_T1_vpn_400
RUN-0130,T1_vpn_400,9,C3,T1_vpn,400,3,L400-R03,C3_T1_vpn_400
RUN-0131,T1_vpn_400,10,C4,T1_vpn,400,2,L400-R02,C4_T1_vpn_400
RUN-0132,T1_vpn_400,11,C3,T1_vpn,400,2,L400-R02,C3_T1_vpn_400
RUN-0133,T1_vpn_400,12,C0,T1_vpn,400,2,L400-R02,C0_T1_vpn_400
RUN-0134,T1_vpn_400,13,C0,T1_vpn,400,3,L400-R03,C0_T1_vpn_400
RUN-0135,T1_vpn_400,14,C2,T1_vpn,400,2,L400-R02,C2_T1_vpn_400
RUN-0136,T1_vpn_50,0,C1,T1_vpn,50,1,L50-R01,C1_T1_vpn_50
RUN-0137,T1_vpn_50,1,C2,T1_vpn,50,3,L50-R03,C2_T1_vpn_50
RUN-0138,T1_vpn_50,2,C2,T1_vpn,50,2,L50-R02,C2_T1_vpn_50
RUN-0139,T1_vpn_50,3,C3,T1_vpn,50,1,L50-R01,C3_T1_vpn_50
RUN-0140,T1_vpn_50,4,C2,T1_vpn,50,1,L50-R01,C2_T1_vpn_50
RUN-0141,T1_vpn_50,5,C0,T1_vpn,50,1,L50-R01,C0_T1_vpn_50
RUN-0142,T1_vpn_50,6,C4,T1_vpn,50,1,L50-R01,C4_T1_vpn_50
RUN-0143,T1_vpn_50,7,C3,T1_vpn,50,2,L50-R02,C3_T1_vpn_50
RUN-0144,T1_vpn_50,8,C4,T1_vpn,50,3,L50-R03,C4_T1_vpn_50
RUN-0145,T1_vpn_50,9,C3,T1_vpn,50,3,L50-R03,C3_T1_vpn_50
RUN-0146,T1_vpn_50,10,C0,T1_vpn,50,3,L50-R03,C0_T1_vpn_50
RUN-0147,T1_vpn_50,11,C0,T1_vpn,50,2,L50-R02,C0_T1_vpn_50
RUN-0148,T1_vpn_50,12,C4,T1_vpn,50,2,L50-R02,C4_T1_vpn_50
RUN-0149,T1_vpn_50,13,C1,T1_vpn,50,3,L50-R03,C1_T1_vpn_50
RUN-0150,T1_vpn_50,14,C1,T1_vpn,50,2,L50-R02,C1_T1_vpn_50
RUN-0151,T2_three_region_emulated_100,0,C0,T2_three_region_emulated,100,3,L100-R03,C0_T2_three_region_emulated_100
RUN-0152,T2_three_region_emulated_100,1,C2,T2_three_region_emulated,100,1,L100-R01,C2_T2_three_region_emulated_100
RUN-0153,T2_three_region_emulated_100,2,C4,T2_three_region_emulated,100,1,L100-R01,C4_T2_three_region_emulated_100
RUN-0154,T2_three_region_emulated_100,3,C1,T2_three_region_emulated,100,1,L100-R01,C1_T2_three_region_emulated_100
RUN-0155,T2_three_region_emulated_100,4,C0,T2_three_region_emulated,100,2,L100-R02,C0_T2_three_region_emulated_100
RUN-0156,T2_three_region_emulated_100,5,C3,T2_three_region_emulated,100,3,L100-R03,C3_T2_three_region_emulated_100
RUN-0157,T2_three_region_emulated_100,6,C0,T2_three_region_emulated,100,1,L100-R01,C0_T2_three_region_emulated_100
RUN-0158,T2_three_region_emulated_100,7,C4,T2_three_region_emulated,100,3,L100-R03,C4_T2_three_region_emulated_100
RUN-0159,T2_three_region_emulated_100,8,C3,T2_three_region_emulated,100,2,L100-R02,C3_T2_three_region_emulated_100
RUN-0160,T2_three_region_emulated_100,9,C2,T2_three_region_emulated,100,2,L100-R02,C2_T2_three_region_emulated_100
RUN-0161,T2_three_region_emulated_100,10,C4,T2_three_region_emulated,100,2,L100-R02,C4_T2_three_region_emulated_100
RUN-0162,T2_three_region_emulated_100,11,C1,T2_three_region_emulated,100,2,L100-R02,C1_T2_three_region_emulated_100
RUN-0163,T2_three_region_emulated_100,12,C2,T2_three_region_emulated,100,3,L100-R03,C2_T2_three_region_emulated_100
RUN-0164,T2_three_region_emulated_100,13,C3,T2_three_region_emulated,100,1,L100-R01,C3_T2_three_region_emulated_100
RUN-0165,T2_three_region_emulated_100,14,C1,T2_three_region_emulated,100,3,L100-R03,C1_T2_three_region_emulated_100
RUN-0166,T2_three_region_emulated_200,0,C2,T2_three_region_emulated,200,3,L200-R03,C2_T2_three_region_emulated_200
RUN-0167,T2_three_region_emulated_200,1,C0,T2_three_region_emulated,200,1,L200-R01,C0_T2_three_region_emulated_200
RUN-0168,T2_three_region_emulated_200,2,C0,T2_three_region_emulated,200,3,L200-R03,C0_T2_three_region_emulated_200
RUN-0169,T2_three_region_emulated_200,3,C0,T2_three_region_emulated,200,2,L200-R02,C0_T2_three_region_emulated_200
RUN-0170,T2_three_region_emulated_200,4,C3,T2_three_region_emulated,200,2,L200-R02,C3_T2_three_region_emulated_200
RUN-0171,T2_three_region_emulated_200,5,C3,T2_three_region_emulated,200,3,L200-R03,C3_T2_three_region_emulated_200
RUN-0172,T2_three_region_emulated_200,6,C1,T2_three_region_emulated,200,2,L200-R02,C1_T2_three_region_emulated_200
RUN-0173,T2_three_region_emulated_200,7,C4,T2_three_region_emulated,200,1,L200-R01,C4_T2_three_region_emulated_200
RUN-0174,T2_three_region_emulated_200,8,C1,T2_three_region_emulated,200,1,L200-R01,C1_T2_three_region_emulated_200
RUN-0175,T2_three_region_emulated_200,9,C4,T2_three_region_emulated,200,3,L200-R03,C4_T2_three_region_emulated_200
RUN-0176,T2_three_region_emulated_200,10,C2,T2_three_region_emulated,200,1,L200-R01,C2_T2_three_region_emulated_200
RUN-0177,T2_three_region_emulated_200,11,C2,T2_three_region_emulated,200,2,L200-R02,C2_T2_three_region_emulated_200
RUN-0178,T2_three_region_emulated_200,12,C3,T2_three_region_emulated,200,1,L200-R01,C3_T2_three_region_emulated_200
RUN-0179,T2_three_region_emulated_200,13,C4,T2_three_region_emulated,200,2,L200-R02,C4_T2_three_region_emulated_200
RUN-0180,T2_three_region_emulated_200,14,C1,T2_three_region_emulated,200,3,L200-R03,C1_T2_three_region_emulated_200
RUN-0181,T2_three_region_emulated_25,0,C1,T2_three_region_emulated,25,1,L25-R01,C1_T2_three_region_emulated_25
RUN-0182,T2_three_region_emulated_25,1,C2,T2_three_region_emulated,25,3,L25-R03,C2_T2_three_region_emulated_25
RUN-0183,T2_three_region_emulated_25,2,C4,T2_three_region_emulated,25,3,L25-R03,C4_T2_three_region_emulated_25
RUN-0184,T2_three_region_emulated_25,3,C1,T2_three_region_emulated,25,2,L25-R02,C1_T2_three_region_emulated_25
RUN-0185,T2_three_region_emulated_25,4,C0,T2_three_region_emulated,25,2,L25-R02,C0_T2_three_region_emulated_25
RUN-0186,T2_three_region_emulated_25,5,C2,T2_three_region_emulated,25,2,L25-R02,C2_T2_three_region_emulated_25
RUN-0187,T2_three_region_emulated_25,6,C0,T2_three_region_emulated,25,1,L25-R01,C0_T2_three_region_emulated_25
RUN-0188,T2_three_region_emulated_25,7,C4,T2_three_region_emulated,25,1,L25-R01,C4_T2_three_region_emulated_25
RUN-0189,T2_three_region_emulated_25,8,C1,T2_three_region_emulated,25,3,L25-R03,C1_T2_three_region_emulated_25
RUN-0190,T2_three_region_emulated_25,9,C3,T2_three_region_emulated,25,2,L25-R02,C3_T2_three_region_emulated_25
RUN-0191,T2_three_region_emulated_25,10,C3,T2_three_region_emulated,25,3,L25-R03,C3_T2_three_region_emulated_25
RUN-0192,T2_three_region_emulated_25,11,C0,T2_three_region_emulated,25,3,L25-R03,C0_T2_three_region_emulated_25
RUN-0193,T2_three_region_emulated_25,12,C2,T2_three_region_emulated,25,1,L25-R01,C2_T2_three_region_emulated_25
RUN-0194,T2_three_region_emulated_25,13,C4,T2_three_region_emulated,25,2,L25-R02,C4_T2_three_region_emulated_25
RUN-0195,T2_three_region_emulated_25,14,C3,T2_three_region_emulated,25,1,L25-R01,C3_T2_three_region_emulated_25
RUN-0196,T2_three_region_emulated_400,0,C1,T2_three_region_emulated,400,3,L400-R03,C1_T2_three_region_emulated_400
RUN-0197,T2_three_region_emulated_400,1,C1,T2_three_region_emulated,400,2,L400-R02,C1_T2_three_region_emulated_400
RUN-0198,T2_three_region_emulated_400,2,C0,T2_three_region_emulated,400,1,L400-R01,C0_T2_three_region_emulated_400
RUN-0199,T2_three_region_emulated_400,3,C2,T2_three_region_emulated,400,3,L400-R03,C2_T2_three_region_emulated_400
RUN-0200,T2_three_region_emulated_400,4,C3,T2_three_region_emulated,400,1,L400-R01,C3_T2_three_region_emulated_400
RUN-0201,T2_three_region_emulated_400,5,C2,T2_three_region_emulated,400,1,L400-R01,C2_T2_three_region_emulated_400
RUN-0202,T2_three_region_emulated_400,6,C4,T2_three_region_emulated,400,1,L400-R01,C4_T2_three_region_emulated_400
RUN-0203,T2_three_region_emulated_400,7,C2,T2_three_region_emulated,400,2,L400-R02,C2_T2_three_region_emulated_400
RUN-0204,T2_three_region_emulated_400,8,C0,T2_three_region_emulated,400,3,L400-R03,C0_T2_three_region_emulated_400
RUN-0205,T2_three_region_emulated_400,9,C1,T2_three_region_emulated,400,1,L400-R01,C1_T2_three_region_emulated_400
RUN-0206,T2_three_region_emulated_400,10,C3,T2_three_region_emulated,400,2,L400-R02,C3_T2_three_region_emulated_400
RUN-0207,T2_three_region_emulated_400,11,C0,T2_three_region_emulated,400,2,L400-R02,C0_T2_three_region_emulated_400
RUN-0208,T2_three_region_emulated_400,12,C4,T2_three_region_emulated,400,2,L400-R02,C4_T2_three_region_emulated_400
RUN-0209,T2_three_region_emulated_400,13,C4,T2_three_region_emulated,400,3,L400-R03,C4_T2_three_region_emulated_400
RUN-0210,T2_three_region_emulated_400,14,C3,T2_three_region_emulated,400,3,L400-R03,C3_T2_three_region_emulated_400
RUN-0211,T2_three_region_emulated_50,0,C2,T2_three_region_emulated,50,1,L50-R01,C2_T2_three_region_emulated_50
RUN-0212,T2_three_region_emulated_50,1,C0,T2_three_region_emulated,50,2,L50-R02,C0_T2_three_region_emulated_50
RUN-0213,T2_three_region_emulated_50,2,C0,T2_three_region_emulated,50,3,L50-R03,C0_T2_three_region_emulated_50
RUN-0214,T2_three_region_emulated_50,3,C3,T2_three_region_emulated,50,1,L50-R01,C3_T2_three_region_emulated_50
RUN-0215,T2_three_region_emulated_50,4,C3,T2_three_region_emulated,50,2,L50-R02,C3_T2_three_region_emulated_50
RUN-0216,T2_three_region_emulated_50,5,C4,T2_three_region_emulated,50,2,L50-R02,C4_T2_three_region_emulated_50
RUN-0217,T2_three_region_emulated_50,6,C1,T2_three_region_emulated,50,1,L50-R01,C1_T2_three_region_emulated_50
RUN-0218,T2_three_region_emulated_50,7,C4,T2_three_region_emulated,50,3,L50-R03,C4_T2_three_region_emulated_50
RUN-0219,T2_three_region_emulated_50,8,C0,T2_three_region_emulated,50,1,L50-R01,C0_T2_three_region_emulated_50
RUN-0220,T2_three_region_emulated_50,9,C2,T2_three_region_emulated,50,3,L50-R03,C2_T2_three_region_emulated_50
RUN-0221,T2_three_region_emulated_50,10,C3,T2_three_region_emulated,50,3,L50-R03,C3_T2_three_region_emulated_50
RUN-0222,T2_three_region_emulated_50,11,C1,T2_three_region_emulated,50,3,L50-R03,C1_T2_three_region_emulated_50
RUN-0223,T2_three_region_emulated_50,12,C1,T2_three_region_emulated,50,2,L50-R02,C1_T2_three_region_emulated_50
RUN-0224,T2_three_region_emulated_50,13,C4,T2_three_region_emulated,50,1,L50-R01,C4_T2_three_region_emulated_50
RUN-0225,T2_three_region_emulated_50,14,C2,T2_three_region_emulated,50,2,L50-R02,C2_T2_three_region_emulated_50
