run_id,config,topology,load_tps,repeat,trace_id,provenance,n_submitted,n_success,n_timeout,window_s,p50_ms,p95_ms,p99_ms,all_p50_ms,all_p95_ms,all_p99_ms,convergence_p99_ms,goodput_tps,availability_pct,consistency_pct,p99_drift_pct,observed_block_interval_ms,tx_per_block_mean,queue_slope_tx_per_s,queue_slope_ci_low,queue_slope_ci_high,queue_depth_p95,cpu_p95_pct,cpu_max_pct,cpu_saturated_s,disk_p99_ms,mem_p95_mib
RUN-0034,C0,T0_local,25,1,L25-R01,SIMULATED,500,500,0,19.961527,1076.400000,1926.400000,2026.400000,1076.400000,1926.400000,2026.400000,25.000000,25.048183,100.000000,100.000000,-1.233715,2000.000000,48.076923,-0.133929,-1.375000,1.166667,48.000000,15.440633,15.601083,0.000000,2.422689,1894.236800
RUN-0036,C0,T0_local,25,2,L25-R02,SIMULATED,500,500,0,19.989688,1026.400000,1926.400000,2026.400000,1026.400000,1926.400000,2026.400000,25.000000,25.012896,100.000000,100.000000,0.000000,2000.000000,48.076923,0.000000,-1.250000,0.875000,42.000000,15.361595,16.479960,0.000000,4.318568,1888.707200
RUN-0037,C0,T0_local,25,3,L25-R03,SIMULATED,500,500,0,19.970211,1001.400000,1951.400000,2026.400000,1001.400000,1951.400000,2026.400000,25.000000,25.037292,100.000000,100.000000,-1.233715,2000.000000,48.076923,-0.612500,-1.833333,0.250000,44.000000,16.401824,16.963246,0.000000,3.784690,1890.550400
RUN-0066,C0,T0_local,50,1,L50-R01,SIMULATED,1000,1000,0,19.997491,1026.400000,1926.400000,2001.400000,1026.400000,1926.400000,2001.400000,25.000000,50.006273,100.000000,100.000000,1.249126,2000.000000,96.153846,-0.250000,-2.421053,1.000000,81.000000,19.703207,20.019729,0.000000,4.695252,1924.649600
RUN-0064,C0,T0_local,50,2,L50-R02,SIMULATED,1000,1000,0,19.987437,1001.400000,1901.400000,2001.400000,1001.400000,1926.400000,2001.400000,25.000000,50.031428,100.000000,100.000000,-0.000000,2000.000000,96.153846,-0.958333,-3.000000,0.500000,85.000000,19.601433,21.526815,0.000000,4.758010,1928.336000
RUN-0068,C0,T0_local,50,3,L50-R03,SIMULATED,1000,1000,0,19.988535,1026.400000,1926.400000,2001.400000,1026.400000,1926.400000,2001.400000,25.000000,50.028679,100.000000,100.000000,0.000000,2000.000000,96.153846,-1.031250,-3.000000,0.416667,85.000000,19.256780,19.491660,0.000000,3.119989,1928.336000
RUN-0013,C0,T0_local,100,1,L100-R01,SIMULATED,2000,2000,0,19.998204,1026.400000,1926.400000,2026.400000,1026.400000,1926.400000,2026.400000,25.000000,100.008983,100.000000,100.000000,0.000000,2000.000000,192.307692,-0.316667,-3.333333,1.500000,163.000000,27.986802,28.192135,0.000000,4.068666,2000.220800
RUN-0001,C0,T0_local,100,2,L100-R02,SIMULATED,2000,2000,0,19.986017,976.400000,1926.400000,2026.400000,976.400000,1926.400000,2026.400000,25.000000,100.069965,100.000000,100.000000,1.249126,2000.000000,192.307692,0.683333,-2.500000,3.500000,167.000000,28.305819,28.469943,0.000000,4.908521,2003.907200
RUN-0006,C0,T0_local,100,3,L100-R03,SIMULATED,2000,2000,0,19.990370,1051.400000,1926.400000,2026.400000,1051.400000,1926.400000,2026.400000,25.000000,100.048173,100.000000,100.000000,1.249126,2000.000000,192.307692,-0.416667,-3.500000,1.100000,158.000000,28.168413,29.305400,0.000000,6.913487,1995.612800
RUN-0016,C0,T0_local,200,1,L200-R01,SIMULATED,4000,4000,0,19.991344,4551.400000,6826.400000,7351.400000,4551.400000,6826.400000,7351.400000,25.000000,200.086600,100.000000,100.000000,38.238980,2000.000000,312.500000,36.063492,31.166667,39.300000,1046.000000,37.956590,38.514545,0.000000,3.372291,2813.993600
RUN-0029,C0,T0_local,200,2,L200-R02,SIMULATED,4000,4000,0,19.999186,4201.400000,6676.400000,7376.400000,4201.400000,6701.400000,7376.400000,25.000000,200.008145,100.000000,100.000000,44.648057,2000.000000,312.500000,36.208333,30.166667,41.166667,1011.000000,37.686862,38.166728,0.000000,4.779493,2781.737600
RUN-0022,C0,T0_local,200,3,L200-R03,SIMULATED,4000,4000,0,19.995274,4251.400000,6676.400000,7376.400000,4251.400000,6676.400000,7376.400000,25.000000,200.047271,100.000000,100.000000,46.555847,2000.000000,312.500000,37.677083,31.000000,40.600000,1018.000000,36.858203,36.877302,0.000000,7.852547,2788.188800
RUN-0055,C0,T0_local,400,1,L400-R01,SIMULATED,8000,5935,2065,19.996597,19126.400000,28776.400000,29826.400000,19126.400000,28776.400000,29826.400000,25.000000,296.800493,74.187500,100.000000,52.092863,2000.000000,322.580645,240.692857,234.333333,244.250000,5828.000000,38.085429,39.107709,0.000000,4.471241,7221.084800
RUN-0052,C0,T0_local,400,2,L400-R02,SIMULATED,8000,5924,2076,19.999390,19326.400000,28826.400000,29851.400000,19326.400000,28826.400000,29851.400000,25.000000,296.209031,74.050000,100.000000,50.059218,2000.000000,322.580645,234.766667,229.900000,240.000000,5816.000000,37.908084,38.518491,0.000000,4.488052,7210.025600
RUN-0046,C0,T0_local,400,3,L400-R03,SIMULATED,8000,6009,1991,19.998896,19276.400000,28901.400000,29876.400000,19276.400000,28901.400000,29876.400000,25.000000,300.466588,75.112500,100.000000,51.899865,2000.000000,322.580645,236.766667,231.750000,240.833333,5818.000000,38.023050,39.026255,0.000000,3.226721,7211.868800
RUN-0117,C0,T1_vpn,25,1,L25-R01,SIMULATED,500,500,0,19.961527,1104.800000,1979.800000,2079.800000,1129.800000,2004.800000,2104.800000,25.000000,25.048183,100.000000,100.000000,-3.521457,2000.000000,48.076923,-0.133333,-1.375000,1.000000,48.000000,15.936515,16.742850,0.000000,4.182452,1894.236800
RUN-0119,C0,T1_vpn,25,2,L25-R02,SIMULATED,500,500,0,19.989688,1054.800000,1979.800000,2054.800000,1054.800000,1979.800000,2054.800000,25.000000,25.012896,100.000000,100.000000,0.000000,2000.000000,48.076923,0.000000,-1.166667,0.875000,42.000000,15.162506,15.522561,0.000000,3.599167,1888.707200
RUN-0113,C0,T1_vpn,25,3,L25-R03,SIMULATED,500,500,0,19.970211,1029.800000,1979.800000,2054.800000,1029.800000,2004.800000,2054.800000,25.000000,25.037292,100.000000,100.000000,-1.216663,2000.000000,48.076923,-0.633929,-1.875000,0.250000,44.000000,15.744703,16.394298,0.000000,3.711216,1890.550400
RUN-0141,C0,T1_vpn,50,1,L50-R01,SIMULATED,1000,1000,0,19.997491,1079.800000,1954.800000,2054.800000,1079.800000,1954.800000,2054.800000,25.000000,50.006273,100.000000,100.000000,0.000000,2000.000000,96.153846,-0.250000,-2.368421,1.000000,81.000000,19.242011,19.710105,0.000000,3.732976,1924.649600
RUN-0147,C0,T1_vpn,50,2,L50-R02,SIMULATED,1000,1000,0,19.987437,1054.800000,1954.800000,2054.800000,1054.800000,1979.800000,2079.800000,25.000000,50.031428,100.000000,100.000000,0.000000,2000.000000,96.153846,-0.816667,-2.933333,0.583333,85.000000,19.841892,20.131989,0.000000,5.263655,1928.336000
RUN-0146,C0,T1_vpn,50,3,L50-R03,SIMULATED,1000,1000,0,19.988535,1054.800000,1979.800000,2054.800000,1079.800000,1979.800000,2054.800000,25.000000,50.028679,100.000000,100.000000,1.231648,2000.000000,96.153846,-1.062500,-2.900000,0.250000,83.000000,19.933401,20.787533,0.000000,5.475690,1926.492800
RUN-0077,C0,T1_vpn,100,1,L100-R01,SIMULATED,2000,2000,0,19.998204,1054.800000,1979.800000,2054.800000,1079.800000,1979.800000,2054.800000,50.000000,100.008983,100.000000,100.000000,-1.216663,2000.000000,192.307692,-0.345238,-3.333333,1.750000,163.000000,27.618294,27.651300,0.000000,6.222611,2000.220800
RUN-0081,C0,T1_vpn,100,2,L100-R02,SIMULATED,2000,2000,0,19.986017,1029.800000,1954.800000,2054.800000,1029.800000,1954.800000,2054.800000,25.000000,100.069965,100.000000,100.000000,1.231648,2000.000000,192.307692,0.866071,-2.500000,3.250000,167.000000,27.209641,28.373592,0.000000,7.095755,2003.907200
RUN-0080,C0,T1_vpn,100,3,L100-R03,SIMULATED,2000,2000,0,19.990370,1079.800000,1954.800000,2054.800000,1104.800000,1954.800000,2054.800000,25.000000,100.048173,100.000000,100.000000,1.231648,2000.000000,192.307692,-0.380952,-4.000000,1.100000,158.000000,28.723305,30.046955,0.000000,5.713108,1995.612800
RUN-0095,C0,T1_vpn,200,1,L200-R01,SIMULATED,4000,4000,0,19.991344,4579.800000,6854.800000,7404.800000,4604.800000,6854.800000,7404.800000,50.000000,200.086600,100.000000,100.000000,38.039891,2000.000000,312.500000,36.063492,31.000000,39.300000,1045.000000,38.806714,40.605736,0.000000,6.890925,2813.072000
RUN-0099,C0,T1_vpn,200,2,L200-R02,SIMULATED,4000,4000,0,19.999186,4229.800000,6704.800000,7379.800000,4229.800000,6704.800000,7404.800000,25.000000,200.008145,100.000000,100.000000,45.103593,2000.000000,312.500000,36.166667,30.250000,41.250000,1009.000000,38.036762,38.375495,0.000000,6.525771,2779.894400
RUN-0096,C0,T1_vpn,200,3,L200-R03,SIMULATED,4000,4000,0,19.995274,4279.800000,6704.800000,7404.800000,4279.800000,6729.800000,7404.800000,25.000000,200.047271,100.000000,100.000000,46.298101,2000.000000,312.500000,37.687500,31.000000,40.500000,1017.000000,37.739263,37.775896,0.000000,3.632920,2787.267200
RUN-0122,C0,T1_vpn,400,1,L400-R01,SIMULATED,8000,5905,2095,19.996597,19129.800000,28804.800000,29804.800000,19129.800000,28804.800000,29829.800000,25.000000,295.300238,73.812500,100.000000,51.764037,2000.000000,322.580645,240.500000,233.666667,244.500000,5824.000000,38.185155,39.386768,0.000000,3.414450,7217.398400
RUN-0133,C0,T1_vpn,400,2,L400-R02,SIMULATED,8000,5913,2087,19.999390,19354.800000,28854.800000,29829.800000,19354.800000,28879.800000,29829.800000,25.000000,295.659014,73.912500,100.000000,49.800298,2000.000000,322.580645,234.691667,229.500000,240.500000,5812.000000,37.643239,38.555625,0.000000,5.048793,7206.339200
RUN-0134,C0,T1_vpn,400,3,L400-R03,SIMULATED,8000,6000,2000,19.998896,19279.800000,28929.800000,29879.800000,19279.800000,28954.800000,29879.800000,25.000000,300.016563,75.000000,100.000000,51.698446,2000.000000,322.580645,236.625000,232.000000,240.666667,5818.000000,38.001600,38.128858,0.000000,2.817360,7211.868800
RUN-0187,C0,T2_three_region_emulated,25,1,L25-R01,SIMULATED,500,500,0,19.961527,1178.000000,2078.000000,2153.000000,1253.000000,2128.000000,2203.000000,150.000000,25.048183,100.000000,100.000000,-2.295684,2000.000000,48.076923,-0.166667,-1.307692,1.000000,48.000000,15.680374,16.367661,0.000000,3.406543,1894.236800
RUN-0185,C0,T2_three_region_emulated,25,2,L25-R02,SIMULATED,500,500,0,19.989688,1178.000000,2078.000000,2178.000000,1203.000000,2128.000000,2228.000000,75.000000,25.012896,100.000000,100.000000,-1.134816,2000.000000,48.076923,0.083333,-1.000000,0.875000,42.000000,15.925447,16.050030,0.000000,4.279135,1888.707200
RUN-0192,C0,T2_three_region_emulated,25,3,L25-R03,SIMULATED,500,500,0,19.970211,1178.000000,2153.000000,2228.000000,1228.000000,2203.000000,2278.000000,125.000000,25.037292,100.000000,100.000000,3.443526,2000.000000,48.076923,-0.654762,-2.000000,0.333333,43.000000,14.869713,14.911660,0.000000,5.083123,1889.628800
RUN-0219,C0,T2_three_region_emulated,50,1,L50-R01,SIMULATED,1000,1000,0,19.997491,1228.000000,2128.000000,2228.000000,1278.000000,2178.000000,2278.000000,100.000000,50.006273,100.000000,100.000000,2.269632,2000.000000,96.153846,-0.225000,-1.750000,0.750000,82.000000,19.567762,20.239080,0.000000,2.174526,1925.571200
RUN-0212,C0,T2_three_region_emulated,50,2,L50-R02,SIMULATED,1000,1000,0,19.987437,1203.000000,2128.000000,2278.000000,1253.000000,2178.000000,2353.000000,100.000000,50.031428,100.000000,100.000000,6.887052,2000.000000,96.153846,-0.750000,-3.230769,0.666667,85.000000,20.133530,21.141549,0.000000,2.946564,1928.336000
RUN-0213,C0,T2_three_region_emulated,50,3,L50-R03,SIMULATED,1000,1000,0,19.988535,1203.000000,2103.000000,2278.000000,1253.000000,2178.000000,2328.000000,125.000000,50.028679,100.000000,100.000000,-8.591065,2000.000000,96.153846,-1.066964,-3.000000,0.250000,84.000000,19.257845,20.670477,0.000000,4.710051,1927.414400
RUN-0157,C0,T2_three_region_emulated,100,1,L100-R01,SIMULATED,2000,2000,0,19.998204,1203.000000,2103.000000,2203.000000,1228.000000,2153.000000,2253.000000,100.000000,100.008983,100.000000,100.000000,-2.244165,2000.000000,192.307692,-0.305556,-3.250000,1.625000,161.000000,28.311832,29.196224,0.000000,7.376032,1998.377600
RUN-0155,C0,T2_three_region_emulated,100,2,L100-R02,SIMULATED,2000,2000,0,19.986017,1178.000000,2103.000000,2178.000000,1228.000000,2153.000000,2278.000000,175.000000,100.069965,100.000000,100.000000,2.295684,2000.000000,192.307692,0.666667,-2.250000,3.300000,165.000000,27.673698,27.742672,0.000000,4.410250,2002.064000
RUN-0151,C0,T2_three_region_emulated,100,3,L100-R03,SIMULATED,2000,2000,0,19.990370,1203.000000,2078.000000,2153.000000,1228.000000,2103.000000,2228.000000,125.000000,100.048173,100.000000,100.000000,0.000000,2000.000000,192.307692,-0.300000,-3.500000,1.500000,158.000000,27.868321,28.536454,0.000000,6.188875,1995.612800
RUN-0167,C0,T2_three_region_emulated,200,1,L200-R01,SIMULATED,4000,4000,0,19.991344,4653.000000,7003.000000,7503.000000,4703.000000,7103.000000,7553.000000,175.000000,200.086600,100.000000,100.000000,37.988423,2000.000000,312.500000,36.154762,31.000000,39.500000,1044.000000,38.277007,38.296226,0.000000,3.106072,2812.150400
RUN-0169,C0,T2_three_region_emulated,200,2,L200-R02,SIMULATED,4000,4000,0,19.999186,4328.000000,6803.000000,7453.000000,4378.000000,6828.000000,7478.000000,100.000000,200.008145,100.000000,100.000000,41.291291,2000.000000,312.500000,36.250000,29.875000,41.083333,1008.000000,37.617673,38.033040,0.000000,5.133545,2778.972800
RUN-0168,C0,T2_three_region_emulated,200,3,L200-R03,SIMULATED,4000,4000,0,19.995274,4378.000000,6828.000000,7528.000000,4428.000000,6878.000000,7628.000000,125.000000,200.047271,100.000000,100.000000,46.127234,2000.000000,312.500000,37.850000,31.375000,40.700000,1011.000000,37.954445,38.080743,0.000000,5.454451,2781.737600
RUN-0198,C0,T2_three_region_emulated,400,1,L400-R01,SIMULATED,8000,5875,2125,19.996597,19278.000000,28828.000000,29378.000000,19278.000000,28853.000000,29403.000000,125.000000,293.799983,73.437500,100.000000,49.992463,2000.000000,322.580645,240.458333,234.000000,244.000000,5820.000000,37.419831,37.499393,0.000000,3.479349,7213.712000
RUN-0207,C0,T2_three_region_emulated,400,2,L400-R02,SIMULATED,8000,5824,2176,19.999390,19353.000000,28778.000000,29403.000000,19353.000000,28803.000000,29428.000000,100.000000,291.208878,72.800000,100.000000,56.017587,2000.000000,322.580645,234.802083,229.500000,239.875000,5803.000000,37.791727,38.455252,0.000000,5.685173,7198.044800
RUN-0204,C0,T2_three_region_emulated,400,3,L400-R03,SIMULATED,8000,5937,2063,19.998896,19378.000000,28978.000000,29853.000000,19453.000000,29003.000000,29853.000000,125.000000,296.866389,74.212500,100.000000,50.055199,2000.000000,322.580645,236.700000,231.333333,240.500000,5808.000000,37.504844,37.663905,0.000000,4.797453,7202.652800
RUN-0033,C1,T0_local,25,1,L25-R01,SIMULATED,500,500,0,19.961527,551.400000,1001.400000,1026.400000,551.400000,1001.400000,1026.400000,25.000000,25.048183,100.000000,100.000000,0.000000,1000.000000,25.000000,0.107955,-0.250000,0.500000,19.000000,13.687752,13.987553,0.000000,7.669164,1867.510400
RUN-0039,C1,T0_local,25,2,L25-R02,SIMULATED,500,500,0,19.989688,551.400000,1001.400000,1026.400000,551.400000,1001.400000,1026.400000,25.000000,25.012896,100.000000,100.000000,0.000000,1000.000000,25.000000,0.000000,-0.181818,0.285714,17.000000,14.124289,14.245581,0.000000,8.348457,1865.667200
RUN-0032,C1,T0_local,25,3,L25-R03,SIMULATED,500,500,0,19.970211,576.400000,1001.400000,1026.400000,576.400000,1001.400000,1026.400000,25.000000,25.037292,100.000000,100.000000,0.000000,1000.000000,25.000000,-0.376263,-0.666667,-0.100000,20.000000,13.628434,15.282994,0.000000,5.808337,1868.432000
RUN-0074,C1,T0_local,50,1,L50-R01,SIMULATED,1000,1000,0,19.997491,501.400000,976.400000,1026.400000,526.400000,976.400000,1026.400000,25.000000,50.006273,100.000000,100.000000,0.000000,1000.000000,50.000000,0.182540,-0.312500,0.500000,31.000000,16.388391,16.885022,0.000000,4.027748,1878.569600
RUN-0070,C1,T0_local,50,2,L50-R02,SIMULATED,1000,1000,0,19.987437,551.400000,976.400000,1026.400000,551.400000,976.400000,1026.400000,25.000000,50.031428,100.000000,100.000000,0.000000,1000.000000,50.000000,-0.198052,-0.800000,0.250000,31.000000,16.427500,16.637386,0.000000,6.438931,1878.569600
RUN-0072,C1,T0_local,50,3,L50-R03,SIMULATED,1000,1000,0,19.988535,526.400000,1001.400000,1026.400000,526.400000,1001.400000,1026.400000,25.000000,50.028679,100.000000,100.000000,0.000000,1000.000000,50.000000,-0.566964,-1.000000,-0.157895,35.000000,15.811817,16.155318,0.000000,4.692192,1882.256000
RUN-0002,C1,T0_local,100,1,L100-R01,SIMULATED,2000,2000,0,19.998204,526.400000,976.400000,1026.400000,526.400000,976.400000,1026.400000,25.000000,100.008983,100.000000,100.000000,0.000000,1000.000000,100.000000,0.000000,-0.500000,0.750000,62.000000,20.224093,20.334911,0.000000,5.640573,1907.139200
RUN-0015,C1,T0_local,100,2,L100-R02,SIMULATED,2000,2000,0,19.986017,551.400000,976.400000,1026.400000,551.400000,976.400000,1026.400000,25.000000,100.069965,100.000000,100.000000,0.000000,1000.000000,100.000000,0.625874,-0.133333,1.214286,67.000000,20.221740,20.873518,0.000000,5.169072,1911.747200
RUN-0005,C1,T0_local,100,3,L100-R03,SIMULATED,2000,2000,0,19.990370,551.400000,976.400000,1026.400000,551.400000,976.400000,1026.400000,25.000000,100.048173,100.000000,100.000000,0.000000,1000.000000,100.000000,0.174242,-0.500000,0.500000,61.000000,21.138365,21.835051,0.000000,6.008637,1906.217600
RUN-0019,C1,T0_local,200,1,L200-R01,SIMULATED,4000,4000,0,19.991344,551.400000,1001.400000,1026.400000,551.400000,1001.400000,1026.400000,25.000000,200.086600,100.000000,100.000000,0.000000,1000.000000,200.000000,0.000000,-0.750000,1.062500,113.000000,29.527099,29.549476,0.000000,5.590233,1954.140800
RUN-0024,C1,T0_local,200,2,L200-R02,SIMULATED,4000,4000,0,19.999186,551.400000,976.400000,1026.400000,551.400000,976.400000,1026.400000,25.000000,200.008145,100.000000,100.000000,0.000000,1000.000000,200.000000,0.612500,-0.400000,1.461538,117.000000,29.001770,30.542268,0.000000,5.824613,1957.827200
RUN-0025,C1,T0_local,200,3,L200-R03,SIMULATED,4000,4000,0,19.995274,551.400000,1001.400000,1026.400000,551.400000,1001.400000,1026.400000,25.000000,200.047271,100.000000,100.000000,0.000000,1000.000000,200.000000,0.750000,-0.100000,1.363636,116.000000,28.439485,28.778848,0.000000,3.383437,1956.905600
RUN-0049,C1,T0_local,400,1,L400-R01,SIMULATED,8000,8000,0,19.996597,3876.400000,6101.400000,6426.400000,3876.400000,6101.400000,6426.400000,25.000000,400.068062,100.000000,100.000000,54.743657,1000.000000,322.580645,77.800000,76.400000,79.111111,1916.000000,38.760974,39.210699,0.000000,4.758483,3615.785600
RUN-0048,C1,T0_local,400,2,L400-R02,SIMULATED,8000,8000,0,19.999390,4076.400000,6076.400000,6401.400000,4076.400000,6076.400000,6401.400000,25.000000,400.012195,100.000000,100.000000,46.313031,1000.000000,322.580645,72.183333,69.909091,74.666667,1904.000000,37.412054,37.825380,0.000000,6.280583,3604.726400
RUN-0056,C1,T0_local,400,3,L400-R03,SIMULATED,8000,8000,0,19.998896,3876.400000,6076.400000,6401.400000,3876.400000,6076.400000,6401.400000,25.000000,400.022084,100.000000,100.000000,55.338697,1000.000000,322.580645,74.206294,72.571429,75.764706,1906.000000,38.246624,38.649786,0.000000,5.114170,3606.569600
RUN-0110,C1,T1_vpn,25,1,L25-R01,SIMULATED,500,500,0,19.961527,604.800000,1029.800000,1054.800000,604.800000,1029.800000,1054.800000,25.000000,25.048183,100.000000,100.000000,0.000000,1000.000000,25.000000,0.000000,-0.166667,0.500000,19.000000,14.769966,15.898630,0.000000,7.430554,1867.510400
RUN-0120,C1,T1_vpn,25,2,L25-R02,SIMULATED,500,500,0,19.989688,579.800000,1029.800000,1054.800000,579.800000,1029.800000,1079.800000,50.000000,25.012896,100.000000,100.000000,0.000000,1000.000000,25.000000,0.100000,-0.100000,0.333333,17.000000,13.874905,14.271589,0.000000,4.461846,1865.667200
RUN-0108,C1,T1_vpn,25,3,L25-R03,SIMULATED,500,500,0,19.970211,604.800000,1029.800000,1054.800000,629.800000,1054.800000,1079.800000,25.000000,25.037292,100.000000,100.000000,-2.315244,1000.000000,25.000000,-0.363971,-0.714286,0.000000,20.000000,14.067517,14.259462,0.000000,7.961836,1868.432000
RUN-0136,C1,T1_vpn,50,1,L50-R01,SIMULATED,1000,1000,0,19.997491,554.800000,1029.800000,1079.800000,554.800000,1029.800000,1079.800000,25.000000,50.006273,100.000000,100.000000,2.370118,1000.000000,48.076923,0.186813,-0.250000,0.500000,30.000000,16.070228,16.821788,0.000000,4.640400,1877.648000
RUN-0150,C1,T1_vpn,50,2,L50-R02,SIMULATED,1000,1000,0,19.987437,579.800000,1029.800000,1054.800000,579.800000,1029.800000,1079.800000,50.000000,50.031428,100.000000,100.000000,-2.315244,1000.000000,50.000000,-0.240385,-0.769231,0.250000,33.000000,15.624794,15.703622,0.000000,9.328840,1880.412800
RUN-0149,C1,T1_vpn,50,3,L50-R03,SIMULATED,1000,1000,0,19.988535,579.800000,1029.800000,1079.800000,579.800000,1029.800000,1079.800000,25.000000,50.028679,100.000000,100.000000,-2.315244,1000.000000,50.000000,-0.547009,-0.900000,0.000000,36.000000,16.304955,16.958176,0.000000,3.494228,1883.177600
RUN-0089,C1,T1_vpn,100,1,L100-R01,SIMULATED,2000,2000,0,19.998204,554.800000,1004.800000,1054.800000,579.800000,1029.800000,1079.800000,25.000000,100.008983,100.000000,100.000000,0.000000,1000.000000,96.153846,0.000000,-0.555556,0.666667,61.000000,20.068116,20.835429,0.000000,4.929749,1906.217600
RUN-0078,C1,T1_vpn,100,2,L100-R02,SIMULATED,2000,2000,0,19.986017,579.800000,1004.800000,1054.800000,604.800000,1004.800000,1079.800000,25.000000,100.069965,100.000000,100.000000,0.000000,1000.000000,100.000000,0.651515,0.000000,1.285714,67.000000,18.930705,20.895695,0.000000,3.854128,1911.747200
RUN-0076,C1,T1_vpn,100,3,L100-R03,SIMULATED,2000,2000,0,19.990370,579.800000,1029.800000,1054.800000,579.800000,1029.800000,1079.800000,25.000000,100.048173,100.000000,100.000000,2.370118,1000.000000,100.000000,0.000000,-0.666667,0.500000,60.000000,20.934913,21.711088,0.000000,10.324752,1905.296000
RUN-0097,C1,T1_vpn,200,1,L200-R01,SIMULATED,4000,4000,0,19.991344,579.800000,1029.800000,1054.800000,579.800000,1029.800000,1079.800000,25.000000,200.086600,100.000000,100.000000,0.000000,1000.000000,200.000000,-0.069048,-0.800000,0.916667,114.000000,27.874209,29.949392,0.000000,5.600770,1955.062400
RUN-0102,C1,T1_vpn,200,2,L200-R02,SIMULATED,4000,4000,0,19.999186,579.800000,1029.800000,1079.800000,604.800000,1029.800000,1079.800000,50.000000,200.008145,100.000000,100.000000,-2.315244,1000.000000,192.307692,0.600000,-0.400000,1.538462,119.000000,28.597826,30.513288,0.000000,4.086739,1959.670400
RUN-0093,C1,T1_vpn,200,3,L200-R03,SIMULATED,4000,4000,0,19.995274,579.800000,1029.800000,1054.800000,604.800000,1029.800000,1079.800000,25.000000,200.047271,100.000000,100.000000,0.000000,1000.000000,192.307692,0.633333,-0.176471,1.428571,117.000000,28.651991,28.716616,0.000000,6.028187,1957.827200
RUN-0126,C1,T1_vpn,400,1,L400-R01,SIMULATED,8000,8000,0,19.996597,3879.800000,6154.800000,6454.800000,3904.800000,6154.800000,6454.800000,25.000000,400.068062,100.000000,100.000000,55.293950,1000.000000,322.580645,77.972222,76.444444,79.000000,1913.000000,38.215144,38.342239,0.000000,4.453436,3613.020800
RUN-0124,C1,T1_vpn,400,2,L400-R02,SIMULATED,8000,8000,0,19.999390,4104.800000,6104.800000,6429.800000,4104.800000,6129.800000,6429.800000,25.000000,400.012195,100.000000,100.000000,45.202911,1000.000000,322.580645,72.345238,70.000000,74.333333,1901.000000,38.236384,38.929272,0.000000,6.070708,3601.961600
RUN-0127,C1,T1_vpn,400,3,L400-R03,SIMULATED,8000,8000,0,19.998896,3904.800000,6104.800000,6454.800000,3904.800000,6104.800000,6454.800000,25.000000,400.022084,100.000000,100.000000,54.967138,1000.000000,322.580645,74.193750,72.636364,75.818182,1905.000000,37.552690,38.453819,0.000000,7.340035,3605.648000
RUN-0181,C1,T2_three_region_emulated,25,1,L25-R01,SIMULATED,500,500,0,19.961527,703.000000,1153.000000,1203.000000,778.000000,1203.000000,1278.000000,150.000000,25.048183,100.000000,100.000000,2.122241,1000.000000,25.000000,0.080128,-0.333333,0.500000,19.000000,14.011660,14.210796,0.000000,4.169924,1867.510400
RUN-0184,C1,T2_three_region_emulated,25,2,L25-R02,SIMULATED,500,500,0,19.989688,728.000000,1178.000000,1328.000000,778.000000,1228.000000,1453.000000,125.000000,25.012896,100.000000,100.000000,5.647590,1000.000000,24.038462,0.000000,-0.166667,0.200000,16.000000,13.785869,13.796937,0.000000,8.555234,1864.745600
RUN-0189,C1,T2_three_region_emulated,25,3,L25-R03,SIMULATED,500,500,0,19.970211,728.000000,1128.000000,1203.000000,753.000000,1153.000000,1228.000000,125.000000,25.037292,100.000000,100.000000,0.000000,1000.000000,24.038462,-0.374126,-0.800000,0.000000,20.000000,14.492758,15.244760,0.000000,5.604293,1868.432000
RUN-0217,C1,T2_three_region_emulated,50,1,L50-R01,SIMULATED,1000,1000,0,19.997491,678.000000,1153.000000,1278.000000,753.000000,1228.000000,1353.000000,125.000000,50.006273,100.000000,100.000000,6.234414,1000.000000,48.076923,0.142857,-0.250000,0.500000,30.000000,16.744331,16.858647,0.000000,4.293676,1877.648000
RUN-0223,C1,T2_three_region_emulated,50,2,L50-R02,SIMULATED,1000,1000,0,19.987437,703.000000,1153.000000,1228.000000,753.000000,1203.000000,1303.000000,150.000000,50.031428,100.000000,100.000000,-6.107492,1000.000000,48.076923,-0.133929,-0.600000,0.333333,35.000000,16.326818,16.433934,0.000000,4.004897,1882.256000
RUN-0222,C1,T2_three_region_emulated,50,3,L50-R03,SIMULATED,1000,1000,0,19.988535,678.000000,1153.000000,1228.000000,753.000000,1228.000000,1353.000000,250.000000,50.028679,100.000000,100.000000,-3.912363,1000.000000,48.076923,-0.500000,-0.909091,-0.176471,34.000000,15.560078,16.353187,0.000000,5.690777,1881.334400
RUN-0154,C1,T2_three_region_emulated,100,1,L100-R01,SIMULATED,2000,2000,0,19.998204,703.000000,1153.000000,1278.000000,778.000000,1203.000000,1353.000000,225.000000,100.008983,100.000000,100.000000,-5.755948,1000.000000,96.153846,0.160256,-0.611111,0.714286,62.000000,20.365501,20.701552,0.000000,6.906838,1907.139200
RUN-0162,C1,T2_three_region_emulated,100,2,L100-R02,SIMULATED,2000,2000,0,19.986017,728.000000,1153.000000,1228.000000,778.000000,1203.000000,1278.000000,175.000000,100.069965,100.000000,100.000000,2.035831,1000.000000,96.153846,0.645833,0.000000,1.333333,65.000000,20.324193,20.366157,0.000000,7.287072,1909.904000
RUN-0165,C1,T2_three_region_emulated,100,3,L100-R03,SIMULATED,2000,2000,0,19.990370,703.000000,1153.000000,1203.000000,753.000000,1203.000000,1303.000000,200.000000,100.048173,100.000000,100.000000,0.000000,1000.000000,96.153846,0.162338,-0.500000,0.600000,59.000000,19.873968,20.483767,0.000000,8.089918,1904.374400
RUN-0174,C1,T2_three_region_emulated,200,1,L200-R01,SIMULATED,4000,4000,0,19.991344,728.000000,1178.000000,1253.000000,778.000000,1228.000000,1328.000000,150.000000,200.086600,100.000000,100.000000,1.995211,1000.000000,192.307692,0.000000,-0.888889,1.000000,115.000000,28.676940,29.492180,0.000000,3.630394,1955.984000
RUN-0172,C1,T2_three_region_emulated,200,2,L200-R02,SIMULATED,4000,4000,0,19.999186,728.000000,1178.000000,1328.000000,753.000000,1228.000000,1403.000000,125.000000,200.008145,100.000000,100.000000,-16.037063,1000.000000,192.307692,0.703297,-0.200000,1.666667,120.000000,29.340004,31.806088,0.000000,4.242200,1960.592000
RUN-0180,C1,T2_three_region_emulated,200,3,L200-R03,SIMULATED,4000,4000,0,19.995274,703.000000,1153.000000,1203.000000,753.000000,1203.000000,1303.000000,225.000000,200.047271,100.000000,100.000000,-2.035831,1000.000000,192.307692,0.500000,-0.454545,1.285714,117.000000,28.086212,28.777117,0.000000,3.328908,1957.827200
RUN-0205,C1,T2_three_region_emulated,400,1,L400-R01,SIMULATED,8000,8000,0,19.996597,4028.000000,6278.000000,6678.000000,4053.000000,6353.000000,6828.000000,150.000000,400.068062,100.000000,100.000000,54.819552,1000.000000,322.580645,77.859091,76.444444,79.250000,1908.000000,37.788833,37.826500,0.000000,4.332933,3608.412800
RUN-0197,C1,T2_three_region_emulated,400,2,L400-R02,SIMULATED,8000,8000,0,19.999390,4228.000000,6253.000000,6578.000000,4303.000000,6278.000000,6628.000000,150.000000,400.012195,100.000000,100.000000,45.574347,1000.000000,322.580645,72.292857,69.666667,74.400000,1894.000000,38.309054,38.633459,0.000000,5.974782,3595.510400
RUN-0196,C1,T2_three_region_emulated,400,3,L400-R03,SIMULATED,8000,8000,0,19.998896,3978.000000,6178.000000,6553.000000,4028.000000,6228.000000,6578.000000,150.000000,400.022084,100.000000,100.000000,53.142329,1000.000000,322.580645,74.285714,72.714286,75.900000,1897.000000,38.159524,38.178310,0.000000,9.102591,3598.275200
RUN-0035,C2,T0_local,25,1,L25-R01,SIMULATED,500,500,0,19.961527,401.400000,751.400000,776.400000,401.400000,751.400000,776.400000,25.000000,25.048183,100.000000,100.000000,0.000000,750.000000,18.382353,0.000000,-0.333333,0.600000,17.000000,18.176193,19.202278,0.000000,5.102136,1865.667200
RUN-0040,C2,T0_local,25,2,L25-R02,SIMULATED,500,500,0,19.989688,401.400000,751.400000,776.400000,401.400000,751.400000,776.400000,25.000000,25.012896,100.000000,100.000000,0.000000,750.000000,18.382353,0.000000,-0.400000,0.562500,14.000000,17.881155,17.944355,0.000000,6.598429,1862.902400
RUN-0042,C2,T0_local,25,3,L25-R03,SIMULATED,500,500,0,19.970211,376.400000,751.400000,776.400000,376.400000,751.400000,776.400000,25.000000,25.037292,100.000000,100.000000,0.000000,750.000000,18.382353,0.000000,-0.600000,0.384615,16.000000,18.225127,19.175387,0.000000,6.395627,1864.745600
RUN-0065,C2,T0_local,50,1,L50-R01,SIMULATED,1000,1000,0,19.997491,401.400000,751.400000,776.400000,401.400000,751.400000,776.400000,25.000000,50.006273,100.000000,100.000000,0.000000,750.000000,36.764706,0.111111,-0.636364,1.300000,29.000000,22.712766,23.150003,0.000000,8.205342,1876.726400
RUN-0067,C2,T0_local,50,2,L50-R02,SIMULATED,1000,1000,0,19.987437,401.400000,751.400000,776.400000,401.400000,751.400000,776.400000,25.000000,50.031428,100.000000,100.000000,0.000000,750.000000,36.764706,0.000000,-0.916667,1.100000,31.000000,20.988152,23.349348,0.000000,6.237673,1878.569600
RUN-0075,C2,T0_local,50,3,L50-R03,SIMULATED,1000,1000,0,19.988535,401.400000,751.400000,776.400000,401.400000,751.400000,776.400000,25.000000,50.028679,100.000000,100.000000,0.000000,750.000000,36.764706,0.000000,-1.200000,0.769231,29.000000,22.457809,23.145679,0.000000,4.998325,1876.726400
RUN-0009,C2,T0_local,100,1,L100-R01,SIMULATED,2000,2000,0,19.998204,401.400000,751.400000,776.400000,426.400000,751.400000,776.400000,25.000000,100.008983,100.000000,100.000000,0.000000,750.000000,73.529412,0.000000,-1.333333,2.470588,62.000000,27.848017,29.977385,0.000000,5.064519,1907.139200
RUN-0007,C2,T0_local,100,2,L100-R02,SIMULATED,2000,2000,0,19.986017,401.400000,751.400000,776.400000,401.400000,751.400000,776.400000,25.000000,100.069965,100.000000,100.000000,0.000000,750.000000,73.529412,0.138889,-1.000000,2.400000,54.000000,28.043969,28.149613,0.000000,3.679177,1899.766400
RUN-0012,C2,T0_local,100,3,L100-R03,SIMULATED,2000,2000,0,19.990370,401.400000,751.400000,776.400000,401.400000,751.400000,776.400000,25.000000,100.048173,100.000000,100.000000,0.000000,750.000000,73.529412,0.000000,-1.555556,2.230769,61.000000,29.053036,29.406605,0.000000,4.053020,1906.217600
RUN-0017,C2,T0_local,200,1,L200-R01,SIMULATED,4000,4000,0,19.991344,401.400000,751.400000,776.400000,401.400000,751.400000,776.400000,25.000000,200.086600,100.000000,100.000000,0.000000,750.000000,147.058824,0.000000,-2.636364,4.461538,107.000000,40.331027,41.443546,0.000000,7.722148,1948.611200
RUN-0020,C2,T0_local,200,2,L200-R02,SIMULATED,4000,4000,0,19.999186,401.400000,751.400000,776.400000,401.400000,751.400000,776.400000,25.000000,200.008145,100.000000,100.000000,0.000000,750.000000,147.058824,0.666667,-2.571429,5.100000,113.000000,40.990793,41.738787,0.000000,6.652402,1954.140800
RUN-0027,C2,T0_local,200,3,L200-R03,SIMULATED,4000,4000,0,19.995274,401.400000,751.400000,776.400000,401.400000,751.400000,776.400000,25.000000,200.047271,100.000000,100.000000,0.000000,750.000000,147.058824,0.133333,-2.411765,4.300000,114.000000,40.506798,41.371686,0.000000,6.332035,1955.062400
RUN-0058,C2,T0_local,400,1,L400-R01,SIMULATED,8000,8000,0,19.996597,426.400000,751.400000,776.400000,426.400000,751.400000,776.400000,25.000000,400.068062,100.000000,100.000000,0.000000,750.000000,294.117647,0.000000,-5.529412,8.500000,213.000000,65.779918,66.538427,0.000000,3.179262,2046.300800
RUN-0050,C2,T0_local,400,2,L400-R02,SIMULATED,8000,8000,0,19.999390,426.400000,751.400000,776.400000,426.400000,751.400000,776.400000,25.000000,400.012195,100.000000,100.000000,0.000000,750.000000,294.117647,-0.333333,-7.166667,6.076923,207.000000,62.965943,63.553143,0.000000,4.866808,2040.771200
RUN-0054,C2,T0_local,400,3,L400-R03,SIMULATED,8000,8000,0,19.998896,401.400000,751.400000,776.400000,426.400000,751.400000,776.400000,25.000000,400.022084,100.000000,100.000000,0.000000,750.000000,294.117647,0.400000,-4.666667,7.692308,204.000000,64.605024,65.237293,0.000000,5.343418,2038.006400
RUN-0111,C2,T1_vpn,25,1,L25-R01,SIMULATED,500,500,0,19.961527,429.800000,779.800000,804.800000,454.800000,779.800000,804.800000,25.000000,25.048183,100.000000,100.000000,3.106362,750.000000,18.382353,0.000000,-0.357143,0.600000,17.000000,19.456455,20.104969,0.000000,4.736485,1865.667200
RUN-0106,C2,T1_vpn,25,2,L25-R02,SIMULATED,500,500,0,19.989688,429.800000,779.800000,804.800000,429.800000,779.800000,829.800000,25.000000,25.012896,100.000000,100.000000,0.000000,750.000000,18.382353,0.000000,-0.363636,0.562500,14.000000,18.637481,19.115272,0.000000,4.425475,1862.902400
RUN-0116,C2,T1_vpn,25,3,L25-R03,SIMULATED,500,500,0,19.970211,429.800000,779.800000,829.800000,429.800000,804.800000,829.800000,25.000000,25.037292,100.000000,100.000000,0.000000,750.000000,18.382353,0.000000,-0.500000,0.384615,16.000000,18.455678,19.443494,0.000000,6.389431,1864.745600
RUN-0140,C2,T1_vpn,50,1,L50-R01,SIMULATED,1000,1000,0,19.997491,454.800000,779.800000,829.800000,454.800000,804.800000,829.800000,25.000000,50.006273,100.000000,100.000000,-3.012774,750.000000,36.764706,0.000000,-0.666667,1.300000,29.000000,21.169262,21.599368,0.000000,5.193896,1876.726400
RUN-0138,C2,T1_vpn,50,2,L50-R02,SIMULATED,1000,1000,0,19.987437,454.800000,804.800000,829.800000,454.800000,804.800000,829.800000,25.000000,50.031428,100.000000,100.000000,0.000000,750.000000,36.764706,0.000000,-0.857143,1.142857,32.000000,22.160391,22.470969,0.000000,6.585461,1879.491200
RUN-0137,C2,T1_vpn,50,3,L50-R03,SIMULATED,1000,1000,0,19.988535,429.800000,779.800000,829.800000,454.800000,804.800000,829.800000,25.000000,50.028679,100.000000,100.000000,3.106362,750.000000,36.764706,0.000000,-1.200000,0.888889,29.000000,23.632127,23.840443,0.000000,5.181161,1876.726400
RUN-0084,C2,T1_vpn,100,1,L100-R01,SIMULATED,2000,2000,0,19.998204,454.800000,779.800000,829.800000,454.800000,804.800000,829.800000,25.000000,100.008983,100.000000,100.000000,0.000000,750.000000,73.529412,0.000000,-1.285714,2.470588,61.000000,27.232935,28.763613,0.000000,5.434484,1906.217600
RUN-0085,C2,T1_vpn,100,2,L100-R02,SIMULATED,2000,2000,0,19.986017,429.800000,779.800000,804.800000,454.800000,779.800000,829.800000,25.000000,100.069965,100.000000,100.000000,0.000000,750.000000,73.529412,0.166667,-1.000000,2.333333,54.000000,27.501244,29.020712,0.000000,3.331920,1899.766400
RUN-0087,C2,T1_vpn,100,3,L100-R03,SIMULATED,2000,2000,0,19.990370,454.800000,779.800000,829.800000,454.800000,779.800000,829.800000,25.000000,100.048173,100.000000,100.000000,3.106362,750.000000,73.529412,0.000000,-1.666667,2.076923,58.000000,28.437428,28.726373,0.000000,6.436675,1903.452800
RUN-0104,C2,T1_vpn,200,1,L200-R01,SIMULATED,4000,4000,0,19.991344,454.800000,779.800000,829.800000,454.800000,804.800000,829.800000,25.000000,200.086600,100.000000,100.000000,0.000000,750.000000,147.058824,0.000000,-2.727273,4.538462,109.000000,39.474816,39.889243,0.000000,5.028480,1950.454400
RUN-0098,C2,T1_vpn,200,2,L200-R02,SIMULATED,4000,4000,0,19.999186,429.800000,779.800000,829.800000,454.800000,779.800000,829.800000,25.000000,200.008145,100.000000,100.000000,3.106362,750.000000,147.058824,0.500000,-2.333333,5.166667,115.000000,42.237008,42.775609,0.000000,4.012993,1955.984000
RUN-0103,C2,T1_vpn,200,3,L200-R03,SIMULATED,4000,4000,0,19.995274,429.800000,779.800000,829.800000,454.800000,804.800000,829.800000,25.000000,200.047271,100.000000,100.000000,0.000000,750.000000,147.058824,0.083333,-2.666667,4.200000,112.000000,39.478101,39.758702,0.000000,4.975081,1953.219200
RUN-0125,C2,T1_vpn,400,1,L400-R01,SIMULATED,8000,8000,0,19.996597,454.800000,779.800000,829.800000,454.800000,804.800000,829.800000,50.000000,400.068062,100.000000,100.000000,0.000000,750.000000,294.117647,0.000000,-5.647059,8.500000,215.000000,64.578733,65.167985,0.000000,5.041388,2048.144000
RUN-0135,C2,T1_vpn,400,2,L400-R02,SIMULATED,8000,8000,0,19.999390,454.800000,779.800000,804.800000,454.800000,804.800000,829.800000,50.000000,400.012195,100.000000,100.000000,0.000000,750.000000,294.117647,-0.472222,-6.666667,5.923077,206.000000,62.337273,65.112467,0.000000,5.322723,2039.849600
RUN-0129,C2,T1_vpn,400,3,L400-R03,SIMULATED,8000,8000,0,19.998896,454.800000,779.800000,829.800000,454.800000,804.800000,829.800000,50.000000,400.022084,100.000000,100.000000,0.000000,750.000000,294.117647,0.333333,-4.941176,7.538462,202.000000,65.767688,66.727909,0.000000,8.427169,2036.163200
RUN-0193,C2,T2_three_region_emulated,25,1,L25-R01,SIMULATED,500,500,0,19.961527,553.000000,903.000000,953.000000,603.000000,953.000000,1053.000000,125.000000,25.048183,100.000000,100.000000,0.000000,750.000000,18.382353,0.000000,-0.363636,0.571429,16.000000,18.701127,19.520342,0.000000,5.308929,1864.745600
RUN-0186,C2,T2_three_region_emulated,25,2,L25-R02,SIMULATED,500,500,0,19.989688,553.000000,903.000000,953.000000,603.000000,953.000000,1003.000000,125.000000,25.012896,100.000000,100.000000,2.693966,750.000000,18.382353,0.000000,-0.428571,0.600000,14.000000,19.379498,19.483269,0.000000,3.941149,1862.902400
RUN-0182,C2,T2_three_region_emulated,25,3,L25-R03,SIMULATED,500,500,0,19.970211,553.000000,903.000000,978.000000,603.000000,953.000000,1028.000000,150.000000,25.037292,100.000000,100.000000,-2.556237,750.000000,18.382353,0.000000,-0.555556,0.461538,16.000000,19.029577,19.586218,0.000000,10.336194,1864.745600
RUN-0211,C2,T2_three_region_emulated,50,1,L50-R01,SIMULATED,1000,1000,0,19.997491,578.000000,928.000000,978.000000,628.000000,978.000000,1028.000000,125.000000,50.006273,100.000000,100.000000,-2.556237,750.000000,36.764706,0.236111,-0.555556,1.230769,28.000000,21.430760,22.548185,0.000000,5.037882,1875.804800
RUN-0225,C2,T2_three_region_emulated,50,2,L50-R02,SIMULATED,1000,1000,0,19.987437,603.000000,928.000000,1003.000000,653.000000,1003.000000,1078.000000,200.000000,50.031428,100.000000,100.000000,0.000000,750.000000,36.764706,0.000000,-0.916667,1.200000,31.000000,21.212063,22.220269,0.000000,5.567582,1878.569600
RUN-0220,C2,T2_three_region_emulated,50,3,L50-R03,SIMULATED,1000,1000,0,19.988535,578.000000,928.000000,1003.000000,628.000000,953.000000,1028.000000,150.000000,50.028679,100.000000,100.000000,-2.492522,750.000000,36.764706,0.000000,-1.200000,0.846154,27.000000,22.811204,23.552640,0.000000,4.220840,1874.883200
RUN-0152,C2,T2_three_region_emulated,100,1,L100-R01,SIMULATED,2000,2000,0,19.998204,578.000000,903.000000,978.000000,628.000000,953.000000,1028.000000,125.000000,100.008983,100.000000,100.000000,-2.556237,750.000000,73.529412,0.000000,-1.470588,2.400000,63.000000,29.301282,31.271938,0.000000,4.257012,1908.060800
RUN-0160,C2,T2_three_region_emulated,100,2,L100-R02,SIMULATED,2000,2000,0,19.986017,578.000000,928.000000,1003.000000,628.000000,978.000000,1053.000000,100.000000,100.069965,100.000000,100.000000,13.116474,750.000000,73.529412,0.333333,-1.000000,2.333333,54.000000,29.237676,29.944766,0.000000,7.732864,1899.766400
RUN-0163,C2,T2_three_region_emulated,100,3,L100-R03,SIMULATED,2000,2000,0,19.990370,553.000000,903.000000,953.000000,603.000000,928.000000,1003.000000,100.000000,100.048173,100.000000,100.000000,-2.556237,750.000000,73.529412,0.000000,-1.333333,2.400000,58.000000,28.692415,29.083381,0.000000,5.699009,1903.452800
RUN-0176,C2,T2_three_region_emulated,200,1,L200-R01,SIMULATED,4000,4000,0,19.991344,578.000000,953.000000,1028.000000,628.000000,1003.000000,1103.000000,150.000000,200.086600,100.000000,100.000000,0.000000,750.000000,147.058824,0.000000,-2.666667,4.076923,108.000000,41.323087,42.153157,0.000000,6.033048,1949.532800
RUN-0177,C2,T2_three_region_emulated,200,2,L200-R02,SIMULATED,4000,4000,0,19.999186,578.000000,928.000000,978.000000,603.000000,978.000000,1028.000000,100.000000,200.008145,100.000000,100.000000,0.000000,750.000000,147.058824,0.625000,-2.333333,4.666667,114.000000,40.397326,40.404855,0.000000,10.120513,1955.062400
RUN-0166,C2,T2_three_region_emulated,200,3,L200-R03,SIMULATED,4000,4000,0,19.995274,578.000000,928.000000,978.000000,628.000000,1003.000000,1053.000000,150.000000,200.047271,100.000000,100.000000,-2.492522,750.000000,147.058824,0.075000,-2.785714,4.333333,110.000000,40.865018,42.418299,0.000000,5.375383,1951.376000
RUN-0201,C2,T2_three_region_emulated,400,1,L400-R01,SIMULATED,8000,8000,0,19.996597,603.000000,978.000000,1103.000000,628.000000,1003.000000,1178.000000,125.000000,400.068062,100.000000,100.000000,14.245014,750.000000,294.117647,0.000000,-5.470588,8.333333,214.000000,66.083843,66.501775,0.000000,6.724880,2047.222400
RUN-0203,C2,T2_three_region_emulated,400,2,L400-R02,SIMULATED,8000,8000,0,19.999390,603.000000,978.000000,1403.000000,653.000000,1078.000000,1428.000000,225.000000,400.012195,100.000000,100.000000,-33.266800,750.000000,294.117647,-0.666667,-6.235294,5.615385,206.000000,63.032262,63.315838,0.000000,5.470946,2039.849600
RUN-0199,C2,T2_three_region_emulated,400,3,L400-R03,SIMULATED,8000,8000,0,19.998896,578.000000,928.000000,1003.000000,628.000000,978.000000,1053.000000,125.000000,400.022084,100.000000,100.000000,2.556237,750.000000,294.117647,0.250000,-2.000000,7.615385,204.000000,64.795412,65.448302,0.000000,5.994464,2038.006400
RUN-0031,C3,T0_local,25,1,L25-R01,SIMULATED,500,500,0,19.961527,301.400000,501.400000,526.400000,301.400000,501.400000,526.400000,25.000000,25.048183,100.000000,100.000000,0.000000,500.000000,12.500000,0.000000,0.000000,0.000000,0.000000,18.822896,18.831692,0.000000,7.728307,1850.000000
RUN-0043,C3,T0_local,25,2,L25-R02,SIMULATED,500,500,0,19.989688,301.400000,501.400000,526.400000,301.400000,526.400000,526.400000,25.000000,25.012896,100.000000,100.000000,0.000000,500.000000,12.500000,0.000000,0.000000,0.000000,0.000000,18.810283,18.834975,0.000000,5.258369,1850.000000
RUN-0038,C3,T0_local,25,3,L25-R03,SIMULATED,500,500,0,19.970211,276.400000,526.400000,551.400000,276.400000,526.400000,551.400000,25.000000,25.037292,100.000000,100.000000,-4.533914,500.000000,12.500000,0.000000,0.000000,0.000000,0.000000,18.460675,19.695234,0.000000,8.110153,1850.000000
RUN-0069,C3,T0_local,50,1,L50-R01,SIMULATED,1000,1000,0,19.997491,276.400000,501.400000,526.400000,276.400000,501.400000,526.400000,25.000000,50.006273,100.000000,100.000000,0.000000,500.000000,25.000000,0.000000,0.000000,0.000000,0.000000,20.295959,20.541270,0.000000,4.190813,1850.000000
RUN-0061,C3,T0_local,50,2,L50-R02,SIMULATED,1000,1000,0,19.987437,276.400000,501.400000,526.400000,276.400000,501.400000,526.400000,25.000000,50.031428,100.000000,100.000000,0.000000,500.000000,25.000000,0.000000,0.000000,0.000000,0.000000,20.998465,21.265042,0.000000,4.826980,1850.000000
RUN-0063,C3,T0_local,50,3,L50-R03,SIMULATED,1000,1000,0,19.988535,301.400000,526.400000,526.400000,301.400000,526.400000,526.400000,25.000000,50.028679,100.000000,100.000000,0.000000,500.000000,25.000000,0.000000,0.000000,0.000000,0.000000,20.885736,21.009922,0.000000,5.982068,1850.000000
RUN-0003,C3,T0_local,100,1,L100-R01,SIMULATED,2000,2000,0,19.998204,276.400000,501.400000,526.400000,301.400000,501.400000,526.400000,25.000000,100.008983,100.000000,100.000000,0.000000,500.000000,50.000000,0.000000,0.000000,0.000000,0.000000,25.204256,25.426786,0.000000,6.985511,1850.000000
RUN-0011,C3,T0_local,100,2,L100-R02,SIMULATED,2000,2000,0,19.986017,276.400000,501.400000,526.400000,276.400000,501.400000,526.400000,25.000000,100.069965,100.000000,100.000000,4.749240,500.000000,50.000000,0.000000,0.000000,0.000000,0.000000,24.601459,24.626423,0.000000,6.664875,1850.000000
RUN-0004,C3,T0_local,100,3,L100-R03,SIMULATED,2000,2000,0,19.990370,301.400000,501.400000,526.400000,301.400000,501.400000,526.400000,25.000000,100.048173,100.000000,100.000000,0.000000,500.000000,50.000000,0.000000,0.000000,0.000000,0.000000,25.336266,25.500536,0.000000,7.434437,1850.000000
RUN-0026,C3,T0_local,200,1,L200-R01,SIMULATED,4000,4000,0,19.991344,276.400000,501.400000,526.400000,276.400000,501.400000,526.400000,25.000000,200.086600,100.000000,100.000000,0.000000,500.000000,100.000000,0.000000,0.000000,0.000000,0.000000,33.800687,35.178473,0.000000,6.048302,1850.000000
RUN-0028,C3,T0_local,200,2,L200-R02,SIMULATED,4000,4000,0,19.999186,276.400000,501.400000,526.400000,276.400000,501.400000,526.400000,25.000000,200.008145,100.000000,100.000000,0.000000,500.000000,100.000000,0.000000,0.000000,0.000000,0.000000,33.567082,33.573262,0.000000,6.680247,1850.000000
RUN-0021,C3,T0_local,200,3,L200-R03,SIMULATED,4000,4000,0,19.995274,276.400000,501.400000,526.400000,301.400000,501.400000,526.400000,25.000000,200.047271,100.000000,100.000000,0.000000,500.000000,100.000000,0.000000,0.000000,0.000000,0.000000,33.972455,34.253231,0.000000,3.838162,1850.000000
RUN-0060,C3,T0_local,400,1,L400-R01,SIMULATED,8000,8000,0,19.996597,276.400000,501.400000,526.400000,276.400000,501.400000,526.400000,25.000000,400.068062,100.000000,100.000000,0.000000,500.000000,200.000000,0.000000,0.000000,0.000000,0.000000,50.386350,51.155607,0.000000,4.980231,1850.000000
RUN-0047,C3,T0_local,400,2,L400-R02,SIMULATED,8000,8000,0,19.999390,276.400000,501.400000,526.400000,276.400000,501.400000,526.400000,25.000000,400.012195,100.000000,100.000000,0.000000,500.000000,196.078431,0.000000,0.000000,0.000000,0.000000,49.374064,50.774230,0.000000,7.403322,1850.000000
RUN-0051,C3,T0_local,400,3,L400-R03,SIMULATED,8000,8000,0,19.998896,276.400000,501.400000,526.400000,276.400000,501.400000,526.400000,25.000000,400.022084,100.000000,100.000000,0.000000,500.000000,200.000000,0.000000,0.000000,0.000000,0.000000,50.298598,50.708625,0.000000,6.999233,1850.000000
RUN-0114,C3,T1_vpn,25,1,L25-R01,SIMULATED,500,500,0,19.961527,329.800000,554.800000,579.800000,329.800000,554.800000,579.800000,25.000000,25.048183,100.000000,100.000000,0.000000,500.000000,12.500000,0.000000,0.000000,0.000000,0.000000,18.120124,19.670075,0.000000,5.672186,1850.000000
RUN-0109,C3,T1_vpn,25,2,L25-R02,SIMULATED,500,500,0,19.989688,329.800000,554.800000,579.800000,354.800000,554.800000,579.800000,25.000000,25.012896,100.000000,100.000000,0.000000,500.000000,12.500000,0.000000,0.000000,0.000000,0.000000,17.654875,17.745244,0.000000,5.908014,1850.000000
RUN-0115,C3,T1_vpn,25,3,L25-R03,SIMULATED,500,500,0,19.970211,329.800000,554.800000,579.800000,329.800000,554.800000,579.800000,25.000000,25.037292,100.000000,100.000000,0.000000,500.000000,12.500000,0.000000,0.000000,0.000000,0.000000,18.335560,18.451978,0.000000,8.124972,1850.000000
RUN-0139,C3,T1_vpn,50,1,L50-R01,SIMULATED,1000,1000,0,19.997491,304.800000,554.800000,579.800000,329.800000,554.800000,604.800000,25.000000,50.006273,100.000000,100.000000,0.000000,500.000000,24.509804,0.000000,0.000000,0.000000,0.000000,20.196068,20.414769,0.000000,5.246755,1850.000000
RUN-0143,C3,T1_vpn,50,2,L50-R02,SIMULATED,1000,1000,0,19.987437,329.800000,554.800000,579.800000,329.800000,554.800000,604.800000,25.000000,50.031428,100.000000,100.000000,4.311832,500.000000,25.000000,0.000000,0.000000,0.000000,0.000000,20.599108,21.407088,0.000000,5.169963,1850.000000
RUN-0145,C3,T1_vpn,50,3,L50-R03,SIMULATED,1000,1000,0,19.988535,329.800000,554.800000,579.800000,329.800000,554.800000,579.800000,25.000000,50.028679,100.000000,100.000000,-4.311832,500.000000,25.000000,0.000000,0.000000,0.000000,0.000000,20.600677,20.828111,0.000000,7.296288,1850.000000
RUN-0082,C3,T1_vpn,100,1,L100-R01,SIMULATED,2000,2000,0,19.998204,304.800000,529.800000,554.800000,329.800000,554.800000,579.800000,25.000000,100.008983,100.000000,100.000000,0.000000,500.000000,49.019608,0.000000,0.000000,0.000000,0.000000,24.809643,24.830930,0.000000,4.805560,1850.000000
RUN-0090,C3,T1_vpn,100,2,L100-R02,SIMULATED,2000,2000,0,19.986017,329.800000,554.800000,579.800000,329.800000,554.800000,579.800000,25.000000,100.069965,100.000000,100.000000,0.000000,500.000000,50.000000,0.000000,0.000000,0.000000,0.000000,25.169392,26.392123,0.000000,6.223634,1850.000000
RUN-0086,C3,T1_vpn,100,3,L100-R03,SIMULATED,2000,2000,0,19.990370,329.800000,554.800000,579.800000,329.800000,554.800000,579.800000,50.000000,100.048173,100.000000,100.000000,0.000000,500.000000,50.000000,0.000000,0.000000,0.000000,0.000000,24.242183,24.684103,0.000000,7.668029,1850.000000
RUN-0091,C3,T1_vpn,200,1,L200-R01,SIMULATED,4000,4000,0,19.991344,329.800000,554.800000,579.800000,329.800000,554.800000,579.800000,25.000000,200.086600,100.000000,100.000000,0.000000,500.000000,100.000000,0.000000,0.000000,0.000000,0.000000,32.541441,33.270858,0.000000,6.210319,1850.000000
RUN-0092,C3,T1_vpn,200,2,L200-R02,SIMULATED,4000,4000,0,19.999186,329.800000,554.800000,579.800000,329.800000,554.800000,579.800000,25.000000,200.008145,100.000000,100.000000,0.000000,500.000000,98.039216,0.000000,0.000000,0.000000,0.000000,32.303538,32.480203,0.000000,7.675528,1850.000000
RUN-0100,C3,T1_vpn,200,3,L200-R03,SIMULATED,4000,4000,0,19.995274,329.800000,554.800000,579.800000,329.800000,554.800000,579.800000,25.000000,200.047271,100.000000,100.000000,-11.453879,500.000000,98.039216,0.000000,0.000000,0.000000,0.000000,32.684356,33.314172,0.000000,6.066066,1850.000000
RUN-0121,C3,T1_vpn,400,1,L400-R01,SIMULATED,8000,8000,0,19.996597,329.800000,554.800000,579.800000,329.800000,554.800000,579.800000,25.000000,400.068062,100.000000,100.000000,0.000000,500.000000,196.078431,0.000000,0.000000,0.000000,0.000000,49.757630,50.662839,0.000000,5.898890,1850.000000
RUN-0132,C3,T1_vpn,400,2,L400-R02,SIMULATED,8000,8000,0,19.999390,329.800000,554.800000,579.800000,329.800000,554.800000,579.800000,25.000000,400.012195,100.000000,100.000000,0.000000,500.000000,196.078431,0.000000,0.000000,0.000000,0.000000,49.683758,49.750709,0.000000,5.947138,1850.000000
RUN-0130,C3,T1_vpn,400,3,L400-R03,SIMULATED,8000,8000,0,19.998896,329.800000,554.800000,579.800000,329.800000,554.800000,579.800000,25.000000,400.022084,100.000000,100.000000,0.000000,500.000000,196.078431,0.000000,0.000000,0.000000,0.000000,49.259736,49.601200,0.000000,14.920784,1850.000000
RUN-0195,C3,T2_three_region_emulated,25,1,L25-R01,SIMULATED,500,500,0,19.961527,453.000000,703.000000,828.000000,503.000000,753.000000,828.000000,175.000000,25.048183,100.000000,100.000000,9.640103,500.000000,12.500000,0.000000,0.000000,0.000000,0.000000,19.186417,19.225867,0.000000,3.967653,1850.000000
RUN-0190,C3,T2_three_region_emulated,25,2,L25-R02,SIMULATED,500,500,0,19.989688,453.000000,678.000000,753.000000,503.000000,728.000000,803.000000,125.000000,25.012896,100.000000,100.000000,-3.320053,500.000000,12.254902,0.000000,0.000000,0.000000,0.000000,19.106259,19.423261,0.000000,5.140068,1850.000000
RUN-0191,C3,T2_three_region_emulated,25,3,L25-R03,SIMULATED,500,500,0,19.970211,453.000000,678.000000,728.000000,503.000000,728.000000,753.000000,100.000000,25.037292,100.000000,100.000000,0.000000,500.000000,12.500000,0.000000,0.000000,0.000000,0.000000,18.635558,19.339595,0.000000,7.962507,1850.000000
RUN-0214,C3,T2_three_region_emulated,50,1,L50-R01,SIMULATED,1000,1000,0,19.997491,453.000000,703.000000,903.000000,503.000000,778.000000,978.000000,225.000000,50.006273,100.000000,100.000000,-10.493179,500.000000,24.509804,0.000000,0.000000,0.000000,0.000000,21.260941,21.664500,0.000000,4.930487,1850.000000
RUN-0215,C3,T2_three_region_emulated,50,2,L50-R02,SIMULATED,1000,1000,0,19.987437,453.000000,703.000000,778.000000,478.000000,753.000000,828.000000,100.000000,50.031428,100.000000,100.000000,-6.226650,500.000000,24.509804,0.000000,0.000000,0.000000,0.000000,20.994908,21.541049,0.000000,4.198983,1850.000000
RUN-0221,C3,T2_three_region_emulated,50,3,L50-R03,SIMULATED,1000,1000,0,19.988535,478.000000,728.000000,803.000000,528.000000,803.000000,903.000000,150.000000,50.028679,100.000000,100.000000,-6.038647,500.000000,24.509804,0.000000,0.000000,0.000000,0.000000,20.869648,20.878435,0.000000,6.656291,1850.000000
RUN-0164,C3,T2_three_region_emulated,100,1,L100-R01,SIMULATED,2000,2000,0,19.998204,453.000000,703.000000,753.000000,503.000000,753.000000,803.000000,150.000000,100.008983,100.000000,100.000000,6.868132,500.000000,49.019608,0.000000,0.000000,0.000000,0.000000,23.748350,23.897016,0.000000,5.128411,1850.000000
RUN-0159,C3,T2_three_region_emulated,100,2,L100-R02,SIMULATED,2000,2000,0,19.986017,453.000000,678.000000,778.000000,478.000000,728.000000,803.000000,100.000000,100.069965,100.000000,100.000000,3.320053,500.000000,49.019608,0.000000,0.000000,0.000000,0.000000,24.961007,25.749593,0.000000,7.638868,1850.000000
RUN-0156,C3,T2_three_region_emulated,100,3,L100-R03,SIMULATED,2000,2000,0,19.990370,453.000000,703.000000,803.000000,503.000000,753.000000,853.000000,150.000000,100.048173,100.000000,100.000000,-12.077295,500.000000,49.019608,0.000000,0.000000,0.000000,0.000000,26.175012,26.202042,0.000000,6.639165,1850.000000
RUN-0178,C3,T2_three_region_emulated,200,1,L200-R01,SIMULATED,4000,4000,0,19.991344,478.000000,703.000000,778.000000,503.000000,753.000000,828.000000,150.000000,200.086600,100.000000,100.000000,3.213368,500.000000,98.039216,0.000000,0.000000,0.000000,0.000000,32.739395,32.814706,0.000000,7.713081,1850.000000
RUN-0170,C3,T2_three_region_emulated,200,2,L200-R02,SIMULATED,4000,4000,0,19.999186,453.000000,703.000000,803.000000,503.000000,778.000000,878.000000,125.000000,200.008145,100.000000,100.000000,-11.723329,500.000000,98.039216,0.000000,0.000000,0.000000,0.000000,33.242695,33.800527,0.000000,10.212271,1850.000000
RUN-0171,C3,T2_three_region_emulated,200,3,L200-R03,SIMULATED,4000,4000,0,19.995274,453.000000,703.000000,853.000000,503.000000,753.000000,903.000000,150.000000,200.047271,100.000000,100.000000,-2.930832,500.000000,98.039216,0.000000,0.000000,0.000000,0.000000,33.133881,33.213653,0.000000,5.702487,1850.000000
RUN-0200,C3,T2_three_region_emulated,400,1,L400-R01,SIMULATED,8000,8000,0,19.996597,453.000000,678.000000,753.000000,503.000000,753.000000,828.000000,150.000000,400.068062,100.000000,100.000000,-3.320053,500.000000,196.078431,0.000000,0.000000,0.000000,0.000000,49.871880,50.083958,0.000000,4.948660,1850.000000
RUN-0206,C3,T2_three_region_emulated,400,2,L400-R02,SIMULATED,8000,8000,0,19.999390,478.000000,728.000000,803.000000,503.000000,778.000000,853.000000,175.000000,400.012195,100.000000,100.000000,3.213368,500.000000,196.078431,0.000000,0.000000,0.000000,0.000000,49.350486,50.640417,0.000000,5.808808,1850.000000
RUN-0210,C3,T2_three_region_emulated,400,3,L400-R03,SIMULATED,8000,8000,0,19.998896,453.000000,703.000000,778.000000,503.000000,753.000000,828.000000,200.000000,400.022084,100.000000,100.000000,-9.057971,500.000000,196.078431,0.000000,0.000000,0.000000,0.000000,50.595985,50.740018,0.000000,4.365201,1850.000000
RUN-0041,C4,T0_local,25,1,L25-R01,SIMULATED,500,500,0,19.961527,151.400000,276.400000,276.400000,176.400000,276.400000,276.400000,25.000000,25.048183,100.000000,100.000000,0.000000,250.000000,6.250000,0.000000,0.000000,0.000000,0.000000,27.581727,27.829542,0.000000,11.978542,1850.000000
RUN-0044,C4,T0_local,25,2,L25-R02,SIMULATED,500,500,0,19.989688,151.400000,276.400000,276.400000,151.400000,276.400000,276.400000,25.000000,25.012896,100.000000,100.000000,0.000000,250.000000,6.250000,0.000000,0.000000,0.000000,0.000000,27.512698,28.785767,0.000000,5.503591,1850.000000
RUN-0045,C4,T0_local,25,3,L25-R03,SIMULATED,500,500,0,19.970211,176.400000,276.400000,301.400000,176.400000,276.400000,301.400000,25.000000,25.037292,100.000000,100.000000,-8.294625,250.000000,6.250000,0.000000,0.000000,0.000000,0.000000,27.299311,27.476422,0.000000,8.452809,1850.000000
RUN-0073,C4,T0_local,50,1,L50-R01,SIMULATED,1000,1000,0,19.997491,176.400000,276.400000,276.400000,176.400000,276.400000,276.400000,25.000000,50.006273,100.000000,100.000000,0.000000,250.000000,12.500000,0.000000,0.000000,0.000000,0.000000,29.332316,29.644652,0.000000,6.811594,1850.000000
RUN-0071,C4,T0_local,50,2,L50-R02,SIMULATED,1000,1000,0,19.987437,151.400000,276.400000,276.400000,151.400000,276.400000,276.400000,25.000000,50.031428,100.000000,100.000000,0.000000,250.000000,12.500000,0.000000,0.000000,0.000000,0.000000,29.414726,29.911102,0.000000,6.313352,1850.000000
RUN-0062,C4,T0_local,50,3,L50-R03,SIMULATED,1000,1000,0,19.988535,151.400000,276.400000,276.400000,151.400000,276.400000,276.400000,25.000000,50.028679,100.000000,100.000000,0.000000,250.000000,12.500000,0.000000,0.000000,0.000000,0.000000,29.634497,29.832225,0.000000,5.677328,1850.000000
RUN-0008,C4,T0_local,100,1,L100-R01,SIMULATED,2000,2000,0,19.998204,151.400000,276.400000,276.400000,151.400000,276.400000,276.400000,25.000000,100.008983,100.000000,100.000000,0.000000,250.000000,25.000000,0.000000,0.000000,0.000000,0.000000,34.526139,35.806916,0.000000,7.202158,1850.000000
RUN-0010,C4,T0_local,100,2,L100-R02,SIMULATED,2000,2000,0,19.986017,151.400000,276.400000,276.400000,151.400000,276.400000,276.400000,25.000000,100.069965,100.000000,100.000000,0.000000,250.000000,25.000000,0.000000,0.000000,0.000000,0.000000,34.008485,34.679041,0.000000,6.817514,1850.000000
RUN-0014,C4,T0_local,100,3,L100-R03,SIMULATED,2000,2000,0,19.990370,151.400000,276.400000,276.400000,151.400000,276.400000,276.400000,25.000000,100.048173,100.000000,100.000000,0.000000,250.000000,25.000000,0.000000,0.000000,0.000000,0.000000,34.313776,34.699948,0.000000,7.139590,1850.000000
RUN-0018,C4,T0_local,200,1,L200-R01,SIMULATED,4000,4000,0,19.991344,151.400000,276.400000,276.400000,151.400000,276.400000,276.400000,25.000000,200.086600,100.000000,100.000000,0.000000,250.000000,50.000000,0.000000,0.000000,0.000000,0.000000,42.265251,42.276168,0.000000,7.426578,1850.000000
RUN-0030,C4,T0_local,200,2,L200-R02,SIMULATED,4000,4000,0,19.999186,151.400000,276.400000,276.400000,151.400000,276.400000,276.400000,25.000000,200.008145,100.000000,100.000000,0.000000,250.000000,50.000000,0.000000,0.000000,0.000000,0.000000,42.791337,42.917081,0.000000,6.376073,1850.000000
RUN-0023,C4,T0_local,200,3,L200-R03,SIMULATED,4000,4000,0,19.995274,151.400000,276.400000,276.400000,151.400000,276.400000,276.400000,25.000000,200.047271,100.000000,100.000000,0.000000,250.000000,50.000000,0.000000,0.000000,0.000000,0.000000,41.516427,42.137911,0.000000,11.768395,1850.000000
RUN-0059,C4,T0_local,400,1,L400-R01,SIMULATED,8000,8000,0,19.996597,151.400000,276.400000,276.400000,176.400000,276.400000,276.400000,25.000000,400.068062,100.000000,100.000000,0.000000,250.000000,100.000000,0.000000,0.000000,0.000000,0.000000,59.194710,59.975898,0.000000,6.364625,1850.000000
RUN-0057,C4,T0_local,400,2,L400-R02,SIMULATED,8000,8000,0,19.999390,151.400000,276.400000,276.400000,176.400000,276.400000,276.400000,25.000000,400.012195,100.000000,100.000000,0.000000,250.000000,99.009901,0.000000,0.000000,0.000000,0.000000,58.288731,58.325627,0.000000,9.158803,1850.000000
RUN-0053,C4,T0_local,400,3,L400-R03,SIMULATED,8000,8000,0,19.998896,151.400000,276.400000,276.400000,151.400000,276.400000,276.400000,25.000000,400.022084,100.000000,100.000000,0.000000,250.000000,100.000000,0.000000,0.000000,0.000000,0.000000,58.761519,59.698968,0.000000,7.653509,1850.000000
RUN-0112,C4,T1_vpn,25,1,L25-R01,SIMULATED,500,500,0,19.961527,204.800000,329.800000,329.800000,204.800000,329.800000,354.800000,25.000000,25.048183,100.000000,100.000000,0.000000,250.000000,6.250000,0.000000,0.000000,0.000000,0.000000,27.977039,28.064681,0.000000,7.099195,1850.000000
RUN-0107,C4,T1_vpn,25,2,L25-R02,SIMULATED,500,500,0,19.989688,204.800000,304.800000,329.800000,204.800000,329.800000,329.800000,25.000000,25.012896,100.000000,100.000000,0.000000,250.000000,6.250000,0.000000,0.000000,0.000000,0.000000,27.946960,28.430471,0.000000,9.512944,1850.000000
RUN-0118,C4,T1_vpn,25,3,L25-R03,SIMULATED,500,500,0,19.970211,204.800000,329.800000,504.800000,204.800000,329.800000,529.800000,25.000000,25.037292,100.000000,100.000000,-40.555155,250.000000,6.250000,0.000000,0.000000,0.000000,0.000000,27.564553,28.241316,0.000000,8.806870,1850.000000
RUN-0142,C4,T1_vpn,50,1,L50-R01,SIMULATED,1000,1000,0,19.997491,204.800000,304.800000,329.800000,204.800000,329.800000,329.800000,25.000000,50.006273,100.000000,100.000000,0.000000,250.000000,12.376238,0.000000,0.000000,0.000000,0.000000,30.199100,30.611443,0.000000,7.335422,1850.000000
RUN-0148,C4,T1_vpn,50,2,L50-R02,SIMULATED,1000,1000,0,19.987437,204.800000,304.800000,329.800000,204.800000,329.800000,329.800000,25.000000,50.031428,100.000000,100.000000,0.000000,250.000000,12.500000,0.000000,0.000000,0.000000,0.000000,29.551950,29.834766,0.000000,6.876886,1850.000000
RUN-0144,C4,T1_vpn,50,3,L50-R03,SIMULATED,1000,1000,0,19.988535,179.800000,304.800000,329.800000,204.800000,329.800000,329.800000,25.000000,50.028679,100.000000,100.000000,0.000000,250.000000,12.500000,0.000000,0.000000,0.000000,0.000000,29.530153,29.911298,0.000000,7.277613,1850.000000
RUN-0088,C4,T1_vpn,100,1,L100-R01,SIMULATED,2000,2000,0,19.998204,204.800000,304.800000,329.800000,204.800000,329.800000,354.800000,25.000000,100.008983,100.000000,100.000000,0.000000,250.000000,24.752475,0.000000,0.000000,0.000000,0.000000,34.268392,34.931037,0.000000,5.776336,1850.000000
RUN-0079,C4,T1_vpn,100,2,L100-R02,SIMULATED,2000,2000,0,19.986017,204.800000,304.800000,329.800000,204.800000,329.800000,354.800000,25.000000,100.069965,100.000000,100.000000,0.000000,250.000000,25.000000,0.000000,0.000000,0.000000,0.000000,33.485904,33.952984,0.000000,8.524305,1850.000000
RUN-0083,C4,T1_vpn,100,3,L100-R03,SIMULATED,2000,2000,0,19.990370,204.800000,304.800000,329.800000,204.800000,329.800000,354.800000,25.000000,100.048173,100.000000,100.000000,0.000000,250.000000,25.000000,0.000000,0.000000,0.000000,0.000000,33.582503,34.216768,0.000000,5.762023,1850.000000
RUN-0105,C4,T1_vpn,200,1,L200-R01,SIMULATED,4000,4000,0,19.991344,204.800000,304.800000,329.800000,204.800000,329.800000,329.800000,25.000000,200.086600,100.000000,100.000000,0.000000,250.000000,50.000000,0.000000,0.000000,0.000000,0.000000,42.354322,42.734746,0.000000,5.384063,1850.000000
RUN-0094,C4,T1_vpn,200,2,L200-R02,SIMULATED,4000,4000,0,19.999186,204.800000,304.800000,329.800000,204.800000,329.800000,329.800000,25.000000,200.008145,100.000000,100.000000,7.580352,250.000000,49.504950,0.000000,0.000000,0.000000,0.000000,41.792043,41.876480,0.000000,6.052404,1850.000000
RUN-0101,C4,T1_vpn,200,3,L200-R03,SIMULATED,4000,4000,0,19.995274,204.800000,304.800000,329.800000,204.800000,329.800000,354.800000,50.000000,200.047271,100.000000,100.000000,0.000000,250.000000,49.504950,0.000000,0.000000,0.000000,0.000000,41.777311,43.034360,0.000000,9.427997,1850.000000
RUN-0128,C4,T1_vpn,400,1,L400-R01,SIMULATED,8000,8000,0,19.996597,204.800000,304.800000,354.800000,204.800000,329.800000,379.800000,25.000000,400.068062,100.000000,100.000000,-18.527668,250.000000,99.009901,0.000000,0.000000,0.000000,0.000000,58.490560,59.563837,0.000000,5.622639,1850.000000
RUN-0131,C4,T1_vpn,400,2,L400-R02,SIMULATED,8000,8000,0,19.999390,204.800000,304.800000,329.800000,204.800000,329.800000,354.800000,25.000000,400.012195,100.000000,100.000000,0.000000,250.000000,99.009901,0.000000,0.000000,0.000000,0.000000,59.042880,59.201315,0.000000,6.195544,1850.000000
RUN-0123,C4,T1_vpn,400,3,L400-R03,SIMULATED,8000,8000,0,19.998896,204.800000,304.800000,354.800000,204.800000,329.800000,354.800000,25.000000,400.022084,100.000000,100.000000,-13.164824,250.000000,99.009901,0.000000,0.000000,0.000000,0.000000,59.072443,59.566476,0.000000,5.165606,1850.000000
RUN-0188,C4,T2_three_region_emulated,25,1,L25-R01,SIMULATED,500,500,0,19.961527,303.000000,478.000000,528.000000,353.000000,528.000000,578.000000,125.000000,25.048183,100.000000,100.000000,-9.469697,250.000000,6.188119,0.000000,0.000000,0.000000,0.000000,27.479865,28.392724,0.000000,6.652265,1850.000000
RUN-0194,C4,T2_three_region_emulated,25,2,L25-R02,SIMULATED,500,500,0,19.989688,328.000000,478.000000,528.000000,378.000000,553.000000,603.000000,175.000000,25.012896,100.000000,100.000000,0.000000,250.000000,6.188119,0.000000,0.000000,0.000000,0.000000,27.121945,27.471607,0.000000,8.579132,1850.000000
RUN-0183,C4,T2_three_region_emulated,25,3,L25-R03,SIMULATED,500,500,0,19.970211,328.000000,503.000000,578.000000,378.000000,528.000000,628.000000,100.000000,25.037292,100.000000,100.000000,-12.975779,250.000000,6.250000,0.000000,0.000000,0.000000,0.000000,28.102008,28.431624,0.000000,3.966493,1850.000000
RUN-0224,C4,T2_three_region_emulated,50,1,L50-R01,SIMULATED,1000,1000,0,19.997491,328.000000,478.000000,703.000000,378.000000,528.000000,703.000000,125.000000,50.006273,100.000000,100.000000,37.878788,250.000000,12.376238,0.000000,0.000000,0.000000,0.000000,29.563275,29.908318,0.000000,8.413985,1850.000000
RUN-0216,C4,T2_three_region_emulated,50,2,L50-R02,SIMULATED,1000,1000,0,19.987437,328.000000,503.000000,578.000000,378.000000,553.000000,653.000000,250.000000,50.031428,100.000000,100.000000,-12.975779,250.000000,12.376238,0.000000,0.000000,0.000000,0.000000,29.494518,30.671511,0.000000,7.963447,1850.000000
RUN-0218,C4,T2_three_region_emulated,50,3,L50-R03,SIMULATED,1000,1000,0,19.988535,328.000000,478.000000,553.000000,378.000000,553.000000,628.000000,200.000000,50.028679,100.000000,100.000000,4.734848,250.000000,12.376238,0.000000,0.000000,0.000000,0.000000,29.809807,31.753781,0.000000,8.355727,1850.000000
RUN-0153,C4,T2_three_region_emulated,100,1,L100-R01,SIMULATED,2000,2000,0,19.998204,328.000000,503.000000,553.000000,378.000000,578.000000,653.000000,150.000000,100.008983,100.000000,100.000000,4.520796,250.000000,24.752475,0.000000,0.000000,0.000000,0.000000,33.280044,34.536188,0.000000,8.239969,1850.000000
RUN-0161,C4,T2_three_region_emulated,100,2,L100-R02,SIMULATED,2000,2000,0,19.986017,303.000000,453.000000,628.000000,353.000000,528.000000,678.000000,200.000000,100.069965,100.000000,100.000000,-24.893314,250.000000,24.752475,0.000000,0.000000,0.000000,0.000000,35.206457,35.869404,0.000000,5.500988,1850.000000
RUN-0158,C4,T2_three_region_emulated,100,3,L100-R03,SIMULATED,2000,2000,0,19.990370,328.000000,478.000000,578.000000,378.000000,553.000000,628.000000,200.000000,100.048173,100.000000,100.000000,9.041591,250.000000,24.752475,0.000000,0.000000,0.000000,0.000000,34.032315,34.174402,0.000000,9.477940,1850.000000
RUN-0173,C4,T2_three_region_emulated,200,1,L200-R01,SIMULATED,4000,4000,0,19.991344,328.000000,503.000000,603.000000,378.000000,553.000000,653.000000,200.000000,200.086600,100.000000,100.000000,18.083183,250.000000,49.504950,0.000000,0.000000,0.000000,0.000000,41.968174,44.205977,0.000000,5.678267,1850.000000
RUN-0179,C4,T2_three_region_emulated,200,2,L200-R02,SIMULATED,4000,4000,0,19.999186,328.000000,478.000000,653.000000,378.000000,528.000000,653.000000,175.000000,200.008145,100.000000,100.000000,-34.340659,250.000000,49.504950,0.000000,0.000000,0.000000,0.000000,43.673298,43.721911,0.000000,7.571853,1850.000000
RUN-0175,C4,T2_three_region_emulated,200,3,L200-R03,SIMULATED,4000,4000,0,19.995274,328.000000,478.000000,553.000000,378.000000,528.000000,628.000000,175.000000,200.047271,100.000000,100.000000,18.939394,250.000000,49.504950,0.000000,0.000000,0.000000,0.000000,42.129584,42.232718,0.000000,5.608964,1850.000000
RUN-0202,C4,T2_three_region_emulated,400,1,L400-R01,SIMULATED,8000,8000,0,19.996597,328.000000,503.000000,628.000000,378.000000,553.000000,703.000000,200.000000,400.068062,100.000000,100.000000,-18.436578,250.000000,99.009901,0.000000,0.000000,0.000000,0.000000,58.574567,60.089482,0.000000,11.353426,1850.000000
RUN-0208,C4,T2_three_region_emulated,400,2,L400-R02,SIMULATED,8000,8000,0,19.999390,328.000000,503.000000,878.000000,378.000000,603.000000,978.000000,250.000000,400.012195,100.000000,100.000000,-46.012270,250.000000,99.009901,0.000000,0.000000,0.000000,0.000000,58.473464,58.548316,0.000000,4.605387,1850.000000
RUN-0209,C4,T2_three_region_emulated,400,3,L400-R03,SIMULATED,8000,8000,0,19.998896,328.000000,478.000000,553.000000,378.000000,528.000000,628.000000,150.000000,400.022084,100.000000,100.000000,-12.437811,250.000000,99.009901,0.000000,0.000000,0.000000,0.000000,57.923329,58.648383,0.000000,9.736770,1850.000000
