trace_id,load_tps,repeat,duration_s,n_tx,n_clients,sha256,path
L25-R01,25,1,20,500,25,7330bbf1338a01ff63b948eea775736ace599df7ae089645d4136cf2e4afa6d2,
L25-R02,25,2,20,500,25,e3b9154ec3ab5143d4222be5cf12e8eb0b03a56da48fce500b64b622262210ad,
L25-R03,25,3,20,500,25,a973fc345079e8ad76495bbd66be2d80d5e7cfd8ff7e4ddecd371876c80d45fe,
L50-R01,50,1,20,1000,25,d8ee6560048e83b1da65b13943153386b4cf2d49548e79837b8c5c134673a3ab,
L50-R02,50,2,20,1000,25,80ea382398a85f0c124d4e2c79c14ad13a5a8463a0c0f704a48c6e9f73c26c0b,
L50-R03,50,3,20,1000,25,5066f5d14ef18e00aaaf5130ef6acba5f5b93909991ceb04d5aac03247ad4c6c,
L100-R01,100,1,20,2000,25,2db3b324ecc8aaf17b686c8e9302bbe7c767c5c143e873ff769012b6216856ca,
L100-R02,100,2,20,2000,25,b0489368b4e0bcbd39566726d9944772e4a5c34e5e3da7692b3cf4d7952b890f,
L100-R03,100,3,20,2000,25,3246f0191b271b8353328a123c75f977122faddbd1435203b459059a5c263c33,
L200-R01,200,1,20,4000,25,090f5931fc01e906767728e59aa327a23eb9c014e9e1fa6ddc12cae2f72f84d0,
L200-R02,200,2,20,4000,25,434816185bbc448733f2e6516fa1597878e9aad2a2e2a69245493762d94c155e,
L200-R03,200,3,20,4000,25,f51dd9f23931e4fd5b5d1eb9b53b475f9d33df6378cd6d6e609a1f835a50064a,
L400-R01,400,1,20,8000,25,c0492f5f3a6d2737f507e379b3e54e1430aa6554a7d5ddf2b035dbf918ae0d30,
L400-R02,400,2,20,8000,25,37b87dc5dc55bcc92e2ad72a69e22c52aff393e90d1b190bd2400179fbc1617c,
L400-R03,400,3,20,8000,25,1649e5c4a611ea244c89475a893a7b709ccd2656674ad884ecf234868220bc2b,
