seed,config,pd,far,precision,recall,macro_f1,ece,mce,brier,mota,motp,idf1,fragmentation,id_switches,rmse
20260730,full,0.6065,0.8949,0.8786,0.8105,0.8249,0.2019,0.3153,0.2143,0.3195,15.5987,0.7127,6941.0000,12680.0000,15.5987
20260730,no_quality,0.6065,0.8949,0.8811,0.8090,0.8234,0.1957,0.3070,0.2107,0.3848,15.1351,0.7324,6856.0000,10827.0000,15.1351
20260730,no_cross_attn,0.6065,0.8949,0.7262,0.8457,0.7535,0.2455,0.3657,0.4048,0.3195,15.5987,0.7127,6941.0000,12680.0000,15.5987
20260730,no_ensemble,0.6065,0.8949,0.8568,0.8006,0.8099,0.1815,0.2786,0.2169,0.3195,15.5987,0.7127,6941.0000,12680.0000,15.5987
20260730,no_temp,0.6065,0.8949,0.8786,0.8106,0.8250,0.1363,0.2455,0.1778,0.3195,15.5987,0.7127,6941.0000,12680.0000,15.5987
20260730,no_semantic,0.6065,0.8949,0.8786,0.8105,0.8249,0.2019,0.3153,0.2143,0.3195,15.5987,0.7127,6941.0000,12680.0000,15.5987
20260730,no_covinfl,0.6065,0.8949,0.8786,0.8105,0.8249,0.2019,0.3153,0.2143,0.2042,16.3982,0.6715,6833.0000,15282.0000,16.3982
20260730,no_uncertainty,0.6065,0.8949,0.8568,0.8006,0.8099,0.1141,0.2100,0.1831,0.3195,15.5987,0.7127,6941.0000,12680.0000,15.5987
20260731,full,0.6069,0.8824,0.8740,0.7985,0.8110,0.2012,0.2993,0.2245,0.3173,15.6402,0.7130,7057.0000,12940.0000,15.6402
20260731,no_quality,0.6069,0.8824,0.8753,0.7979,0.8102,0.1946,0.2943,0.2204,0.3824,15.2098,0.7327,6919.0000,11111.0000,15.2098
20260731,no_cross_attn,0.6069,0.8824,0.7077,0.8178,0.7337,0.2391,0.3763,0.4159,0.3173,15.6402,0.7130,7057.0000,12940.0000,15.6402
20260731,no_ensemble,0.6069,0.8824,0.8479,0.7811,0.7879,0.1772,0.2731,0.2263,0.3173,15.6402,0.7130,7057.0000,12940.0000,15.6402
20260731,no_temp,0.6069,0.8824,0.8739,0.7985,0.8109,0.1351,0.2409,0.1881,0.3173,15.6402,0.7130,7057.0000,12940.0000,15.6402
20260731,no_semantic,0.6069,0.8824,0.8740,0.7985,0.8110,0.2012,0.2993,0.2245,0.3173,15.6402,0.7130,7057.0000,12940.0000,15.6402
20260731,no_covinfl,0.6069,0.8824,0.8740,0.7985,0.8110,0.2012,0.2993,0.2245,0.2017,16.4842,0.6714,7016.0000,15684.0000,16.4842
20260731,no_uncertainty,0.6069,0.8824,0.8479,0.7811,0.7879,0.1089,0.1912,0.1932,0.3173,15.6402,0.7130,7057.0000,12940.0000,15.6402
20260732,full,0.5928,0.8948,0.8817,0.8132,0.8270,0.2054,0.3196,0.2142,0.3144,15.7260,0.7078,7069.0000,12627.0000,15.7260
20260732,no_quality,0.5928,0.8948,0.8836,0.8125,0.8264,0.1991,0.3094,0.2100,0.3912,15.2808,0.7311,6980.0000,10589.0000,15.2808
20260732,no_cross_attn,0.5928,0.8948,0.7114,0.8344,0.7390,0.2355,0.3664,0.4094,0.3144,15.7260,0.7078,7069.0000,12627.0000,15.7260
20260732,no_ensemble,0.5928,0.8948,0.8478,0.7904,0.7971,0.1801,0.2745,0.2200,0.3144,15.7260,0.7078,7069.0000,12627.0000,15.7260
20260732,no_temp,0.5928,0.8948,0.8816,0.8132,0.8269,0.1397,0.2602,0.1767,0.3144,15.7260,0.7078,7069.0000,12627.0000,15.7260
20260732,no_semantic,0.5928,0.8948,0.8817,0.8132,0.8270,0.2054,0.3196,0.2142,0.3144,15.7214,0.7077,7065.0000,12619.0000,15.7214
20260732,no_covinfl,0.5928,0.8948,0.8817,0.8132,0.8270,0.2054,0.3196,0.2142,0.2088,16.5422,0.6687,7038.0000,15003.0000,16.5422
20260732,no_uncertainty,0.5928,0.8948,0.8478,0.7904,0.7971,0.1126,0.2112,0.1864,0.3144,15.7260,0.7078,7069.0000,12627.0000,15.7260
20260733,full,0.6155,0.8733,0.8852,0.8092,0.8287,0.2065,0.3319,0.2092,0.3054,15.7442,0.7092,6715.0000,13168.0000,15.7442
20260733,no_quality,0.6155,0.8733,0.8876,0.8072,0.8269,0.1994,0.3204,0.2047,0.3735,15.3151,0.7301,6613.0000,11280.0000,15.3151
20260733,no_cross_attn,0.6155,0.8733,0.7231,0.8292,0.7443,0.2373,0.3776,0.3961,0.3054,15.7442,0.7092,6715.0000,13168.0000,15.7442
20260733,no_ensemble,0.6155,0.8733,0.8524,0.7884,0.8015,0.1844,0.2883,0.2138,0.3054,15.7442,0.7092,6715.0000,13168.0000,15.7442
20260733,no_temp,0.6155,0.8733,0.8851,0.8092,0.8287,0.1407,0.2661,0.1719,0.3054,15.7442,0.7092,6715.0000,13168.0000,15.7442
20260733,no_semantic,0.6155,0.8733,0.8852,0.8092,0.8287,0.2065,0.3319,0.2092,0.3054,15.7442,0.7092,6715.0000,13168.0000,15.7442
20260733,no_covinfl,0.6155,0.8733,0.8852,0.8092,0.8287,0.2065,0.3319,0.2092,0.1978,16.5252,0.6710,6668.0000,15765.0000,16.5252
20260733,no_uncertainty,0.6155,0.8733,0.8524,0.7884,0.8015,0.1167,0.2023,0.1796,0.3054,15.7442,0.7092,6715.0000,13168.0000,15.7442
20260734,full,0.6076,0.8760,0.8827,0.8133,0.8322,0.2090,0.3277,0.2099,0.3068,15.9350,0.7079,7485.0000,13243.0000,15.9350
20260734,no_quality,0.6076,0.8760,0.8839,0.8110,0.8302,0.2020,0.3209,0.2056,0.3746,15.4472,0.7283,7361.0000,11186.0000,15.4472
20260734,no_cross_attn,0.6076,0.8760,0.7268,0.8386,0.7471,0.2379,0.3761,0.4000,0.3068,15.9350,0.7079,7485.0000,13243.0000,15.9350
20260734,no_ensemble,0.6076,0.8760,0.8460,0.7848,0.7970,0.1797,0.2827,0.2116,0.3068,15.9350,0.7079,7485.0000,13243.0000,15.9350
20260734,no_temp,0.6076,0.8760,0.8827,0.8132,0.8321,0.1429,0.2591,0.1719,0.3068,15.9350,0.7079,7485.0000,13243.0000,15.9350
20260734,no_semantic,0.6076,0.8760,0.8827,0.8133,0.8322,0.2090,0.3277,0.2099,0.3068,15.9350,0.7079,7485.0000,13243.0000,15.9350
20260734,no_covinfl,0.6076,0.8760,0.8827,0.8133,0.8322,0.2090,0.3277,0.2099,0.1987,16.7136,0.6687,7436.0000,15901.0000,16.7136
20260734,no_uncertainty,0.6076,0.8760,0.8460,0.7848,0.7970,0.1120,0.2010,0.1774,0.3068,15.9350,0.7079,7485.0000,13243.0000,15.9350
20260735,full,0.6019,0.8853,0.8762,0.7963,0.8152,0.2020,0.3242,0.2078,0.3034,15.7080,0.7015,6821.0000,12266.0000,15.7080
20260735,no_quality,0.6019,0.8853,0.8821,0.7963,0.8157,0.1959,0.3162,0.2033,0.3742,15.2234,0.7235,6703.0000,10429.0000,15.2234
20260735,no_cross_attn,0.6019,0.8853,0.7049,0.8089,0.7219,0.2218,0.3534,0.4011,0.3034,15.7080,0.7015,6821.0000,12266.0000,15.7080
20260735,no_ensemble,0.6019,0.8853,0.8283,0.7694,0.7799,0.1759,0.2848,0.2149,0.3034,15.7080,0.7015,6821.0000,12266.0000,15.7080
20260735,no_temp,0.6019,0.8853,0.8758,0.7961,0.8150,0.1360,0.2575,0.1712,0.3034,15.7080,0.7015,6821.0000,12266.0000,15.7080
20260735,no_semantic,0.6019,0.8853,0.8762,0.7963,0.8152,0.2020,0.3242,0.2078,0.3034,15.7080,0.7015,6821.0000,12266.0000,15.7080
20260735,no_covinfl,0.6019,0.8853,0.8762,0.7963,0.8152,0.2020,0.3242,0.2078,0.1988,16.4231,0.6628,6675.0000,14476.0000,16.4231
20260735,no_uncertainty,0.6019,0.8853,0.8283,0.7694,0.7799,0.1086,0.2156,0.1817,0.3034,15.7080,0.7015,6821.0000,12266.0000,15.7080
20260736,full,0.6032,0.8901,0.8800,0.8122,0.8275,0.2068,0.3336,0.2106,0.3106,16.0175,0.7089,7135.0000,12437.0000,16.0175
20260736,no_quality,0.6032,0.8901,0.8816,0.8101,0.8254,0.2000,0.3262,0.2064,0.3759,15.5920,0.7287,7001.0000,10737.0000,15.5920
20260736,no_cross_attn,0.6032,0.8901,0.7122,0.8239,0.7360,0.2373,0.3737,0.4044,0.3106,16.0175,0.7089,7135.0000,12437.0000,16.0175
20260736,no_ensemble,0.6032,0.8901,0.8527,0.8006,0.8094,0.1862,0.3003,0.2114,0.3106,16.0175,0.7089,7135.0000,12437.0000,16.0175
20260736,no_temp,0.6032,0.8901,0.8799,0.8122,0.8274,0.1410,0.2695,0.1727,0.3106,16.0175,0.7089,7135.0000,12437.0000,16.0175
20260736,no_semantic,0.6032,0.8901,0.8800,0.8122,0.8275,0.2068,0.3336,0.2106,0.3106,16.0175,0.7089,7135.0000,12437.0000,16.0175
20260736,no_covinfl,0.6032,0.8901,0.8800,0.8122,0.8275,0.2068,0.3336,0.2106,0.1986,16.8750,0.6683,7013.0000,15075.0000,16.8750
20260736,no_uncertainty,0.6032,0.8901,0.8527,0.8006,0.8094,0.1189,0.2233,0.1764,0.3106,16.0175,0.7089,7135.0000,12437.0000,16.0175
20260737,full,0.5983,0.8862,0.8809,0.8160,0.8312,0.2082,0.3319,0.2084,0.3143,15.7146,0.7086,7392.0000,12688.0000,15.7146
20260737,no_quality,0.5983,0.8862,0.8829,0.8148,0.8301,0.2018,0.3214,0.2042,0.3826,15.2885,0.7294,7292.0000,10911.0000,15.2885
20260737,no_cross_attn,0.5983,0.8862,0.7151,0.8228,0.7379,0.2413,0.3746,0.4039,0.3143,15.7146,0.7086,7392.0000,12688.0000,15.7146
20260737,no_ensemble,0.5983,0.8862,0.8561,0.8023,0.8122,0.1872,0.2985,0.2098,0.3143,15.7146,0.7086,7392.0000,12688.0000,15.7146
20260737,no_temp,0.5983,0.8862,0.8808,0.8160,0.8313,0.1422,0.2694,0.1703,0.3143,15.7146,0.7086,7392.0000,12688.0000,15.7146
20260737,no_semantic,0.5983,0.8862,0.8809,0.8160,0.8312,0.2082,0.3319,0.2084,0.3143,15.7146,0.7086,7392.0000,12688.0000,15.7146
20260737,no_covinfl,0.5983,0.8862,0.8809,0.8160,0.8312,0.2082,0.3319,0.2084,0.2090,16.4277,0.6691,7228.0000,15168.0000,16.4277
20260737,no_uncertainty,0.5983,0.8862,0.8561,0.8023,0.8122,0.1197,0.2282,0.1743,0.3143,15.7146,0.7086,7392.0000,12688.0000,15.7146
20260738,full,0.5982,0.8900,0.8821,0.8193,0.8347,0.2192,0.3408,0.2185,0.3088,15.6127,0.7051,7155.0000,12318.0000,15.6127
20260738,no_quality,0.5982,0.8900,0.8843,0.8184,0.8339,0.2125,0.3345,0.2139,0.3771,15.1659,0.7261,7014.0000,10595.0000,15.1659
20260738,no_cross_attn,0.5982,0.8900,0.7067,0.8248,0.7255,0.2281,0.3672,0.4179,0.3088,15.6127,0.7051,7155.0000,12318.0000,15.6127
20260738,no_ensemble,0.5982,0.8900,0.8461,0.7993,0.8072,0.1939,0.2995,0.2206,0.3088,15.6127,0.7051,7155.0000,12318.0000,15.6127
20260738,no_temp,0.5982,0.8900,0.8820,0.8193,0.8346,0.1533,0.2719,0.1790,0.3088,15.6127,0.7051,7155.0000,12318.0000,15.6127
20260738,no_semantic,0.5982,0.8900,0.8821,0.8193,0.8347,0.2192,0.3408,0.2185,0.3088,15.6127,0.7051,7155.0000,12318.0000,15.6127
20260738,no_covinfl,0.5982,0.8900,0.8821,0.8193,0.8347,0.2192,0.3408,0.2185,0.1976,16.4225,0.6647,7056.0000,15039.0000,16.4225
20260738,no_uncertainty,0.5982,0.8900,0.8461,0.7993,0.8072,0.1264,0.2374,0.1841,0.3088,15.6127,0.7051,7155.0000,12318.0000,15.6127
20260739,full,0.5834,0.8941,0.8755,0.7993,0.8142,0.2026,0.3128,0.2164,0.3038,15.9321,0.6997,7411.0000,12451.0000,15.9321
20260739,no_quality,0.5834,0.8941,0.8774,0.7980,0.8128,0.1958,0.3012,0.2122,0.3697,15.4715,0.7199,7323.0000,10676.0000,15.4715
20260739,no_cross_attn,0.5834,0.8941,0.7147,0.8249,0.7358,0.2302,0.3588,0.4072,0.3038,15.9321,0.6997,7411.0000,12451.0000,15.9321
20260739,no_ensemble,0.5834,0.8941,0.8422,0.7805,0.7882,0.1767,0.2810,0.2164,0.3038,15.9321,0.6997,7411.0000,12451.0000,15.9321
20260739,no_temp,0.5834,0.8941,0.8756,0.7994,0.8143,0.1370,0.2492,0.1796,0.3038,15.9321,0.6997,7411.0000,12451.0000,15.9321
20260739,no_semantic,0.5834,0.8941,0.8755,0.7993,0.8142,0.2026,0.3128,0.2164,0.3038,15.9321,0.6997,7411.0000,12451.0000,15.9321
20260739,no_covinfl,0.5834,0.8941,0.8755,0.7993,0.8142,0.2026,0.3128,0.2164,0.2004,16.7348,0.6598,7163.0000,14690.0000,16.7348
20260739,no_uncertainty,0.5834,0.8941,0.8422,0.7805,0.7882,0.1090,0.2075,0.1829,0.3038,15.9321,0.6997,7411.0000,12451.0000,15.9321
20260740,full,0.5933,0.8964,0.8903,0.8302,0.8460,0.2130,0.3388,0.2121,0.3083,15.8653,0.7051,7039.0000,12547.0000,15.8653
20260740,no_quality,0.5933,0.8964,0.8919,0.8293,0.8452,0.2065,0.3320,0.2078,0.3753,15.4653,0.7256,6923.0000,10747.0000,15.4653
20260740,no_cross_attn,0.5933,0.8964,0.7222,0.8352,0.7455,0.2411,0.3768,0.4069,0.3083,15.8653,0.7051,7039.0000,12547.0000,15.8653
20260740,no_ensemble,0.5933,0.8964,0.8554,0.8098,0.8192,0.1872,0.2942,0.2154,0.3083,15.8653,0.7051,7039.0000,12547.0000,15.8653
20260740,no_temp,0.5933,0.8964,0.8901,0.8301,0.8459,0.1470,0.2677,0.1737,0.3083,15.8653,0.7051,7039.0000,12547.0000,15.8653
20260740,no_semantic,0.5933,0.8964,0.8903,0.8302,0.8460,0.2130,0.3388,0.2121,0.3083,15.8653,0.7051,7039.0000,12547.0000,15.8653
20260740,no_covinfl,0.5933,0.8964,0.8903,0.8302,0.8460,0.2130,0.3388,0.2121,0.1943,16.7001,0.6636,6943.0000,15035.0000,16.7001
20260740,no_uncertainty,0.5933,0.8964,0.8554,0.8098,0.8192,0.1197,0.2333,0.1805,0.3083,15.8653,0.7051,7039.0000,12547.0000,15.8653
20260741,full,0.5990,0.8846,0.8819,0.8022,0.8203,0.2034,0.3295,0.2053,0.3082,16.0718,0.7062,7143.0000,12702.0000,16.0718
20260741,no_quality,0.5990,0.8846,0.8845,0.8017,0.8199,0.1967,0.3198,0.2008,0.3727,15.5465,0.7255,7020.0000,10875.0000,15.5465
20260741,no_cross_attn,0.5990,0.8846,0.7179,0.8330,0.7405,0.2370,0.3782,0.3980,0.3082,16.0718,0.7062,7143.0000,12702.0000,16.0718
20260741,no_ensemble,0.5990,0.8846,0.8551,0.7890,0.8019,0.1821,0.2866,0.2081,0.3082,16.0718,0.7062,7143.0000,12702.0000,16.0718
20260741,no_temp,0.5990,0.8846,0.8819,0.8024,0.8205,0.1374,0.2611,0.1679,0.3082,16.0718,0.7062,7143.0000,12702.0000,16.0718
20260741,no_semantic,0.5990,0.8846,0.8819,0.8022,0.8203,0.2034,0.3295,0.2053,0.3082,16.0718,0.7062,7143.0000,12702.0000,16.0718
20260741,no_covinfl,0.5990,0.8846,0.8819,0.8022,0.8203,0.2034,0.3295,0.2053,0.1925,16.8937,0.6629,7107.0000,15212.0000,16.8937
20260741,no_uncertainty,0.5990,0.8846,0.8551,0.7890,0.8019,0.1148,0.2137,0.1740,0.3082,16.0718,0.7062,7143.0000,12702.0000,16.0718
20260742,full,0.5898,0.8959,0.8647,0.8012,0.8130,0.2058,0.3107,0.2193,0.3048,15.9687,0.7024,7254.0000,12728.0000,15.9687
20260742,no_quality,0.5898,0.8959,0.8685,0.8009,0.8129,0.1994,0.3036,0.2147,0.3728,15.5215,0.7231,7131.0000,10835.0000,15.5215
20260742,no_cross_attn,0.5898,0.8959,0.6958,0.8028,0.7130,0.2130,0.3453,0.4136,0.3048,15.9687,0.7024,7254.0000,12728.0000,15.9687
20260742,no_ensemble,0.5898,0.8959,0.8408,0.7925,0.8001,0.1891,0.2986,0.2190,0.3048,15.9687,0.7024,7254.0000,12728.0000,15.9687
20260742,no_temp,0.5898,0.8959,0.8647,0.8011,0.8129,0.1400,0.2517,0.1816,0.3048,15.9687,0.7024,7254.0000,12728.0000,15.9687
20260742,no_semantic,0.5898,0.8959,0.8647,0.8012,0.8130,0.2058,0.3107,0.2193,0.3048,15.9687,0.7024,7254.0000,12728.0000,15.9687
20260742,no_covinfl,0.5898,0.8959,0.8647,0.8012,0.8130,0.2058,0.3107,0.2193,0.2025,16.6892,0.6630,7073.0000,14819.0000,16.6892
20260742,no_uncertainty,0.5898,0.8959,0.8408,0.7925,0.8001,0.1212,0.2148,0.1829,0.3048,15.9687,0.7024,7254.0000,12728.0000,15.9687
20260743,full,0.5948,0.8855,0.8895,0.8245,0.8421,0.2152,0.3405,0.2018,0.3048,15.5206,0.7014,6765.0000,12082.0000,15.5206
20260743,no_quality,0.5948,0.8855,0.8898,0.8223,0.8398,0.2081,0.3324,0.1975,0.3741,15.1184,0.7228,6688.0000,10335.0000,15.1184
20260743,no_cross_attn,0.5948,0.8855,0.7006,0.8385,0.7284,0.2387,0.3695,0.4091,0.3048,15.5206,0.7014,6765.0000,12082.0000,15.5206
20260743,no_ensemble,0.5948,0.8855,0.8609,0.8077,0.8181,0.1908,0.2933,0.2030,0.3048,15.5206,0.7014,6765.0000,12082.0000,15.5206
20260743,no_temp,0.5948,0.8855,0.8894,0.8245,0.8421,0.1487,0.2710,0.1627,0.3048,15.5206,0.7014,6765.0000,12082.0000,15.5206
20260743,no_semantic,0.5948,0.8855,0.8895,0.8245,0.8421,0.2152,0.3405,0.2018,0.3048,15.5206,0.7014,6765.0000,12082.0000,15.5206
20260743,no_covinfl,0.5948,0.8855,0.8895,0.8245,0.8421,0.2152,0.3405,0.2018,0.1881,16.2490,0.6591,6651.0000,14720.0000,16.2490
20260743,no_uncertainty,0.5948,0.8855,0.8609,0.8077,0.8181,0.1222,0.2279,0.1670,0.3048,15.5206,0.7014,6765.0000,12082.0000,15.5206
20260744,full,0.6087,0.8839,0.8781,0.8000,0.8160,0.2000,0.3067,0.2159,0.3033,15.8036,0.7072,7040.0000,12590.0000,15.8036
20260744,no_quality,0.6087,0.8839,0.8804,0.7982,0.8141,0.1930,0.2976,0.2113,0.3720,15.4314,0.7281,6958.0000,10865.0000,15.4314
20260744,no_cross_attn,0.6087,0.8839,0.7099,0.8176,0.7334,0.2318,0.3565,0.4066,0.3033,15.8036,0.7072,7040.0000,12590.0000,15.8036
20260744,no_ensemble,0.6087,0.8839,0.8394,0.7731,0.7810,0.1712,0.2743,0.2165,0.3033,15.8036,0.7072,7040.0000,12590.0000,15.8036
20260744,no_temp,0.6087,0.8839,0.8779,0.7997,0.8156,0.1340,0.2418,0.1796,0.3033,15.8036,0.7072,7040.0000,12590.0000,15.8036
20260744,no_semantic,0.6087,0.8839,0.8781,0.8000,0.8160,0.2000,0.3067,0.2159,0.3033,15.8036,0.7072,7040.0000,12590.0000,15.8036
20260744,no_covinfl,0.6087,0.8839,0.8781,0.8000,0.8160,0.2000,0.3067,0.2159,0.1942,16.6419,0.6680,7024.0000,15203.0000,16.6419
20260744,no_uncertainty,0.6087,0.8839,0.8394,0.7731,0.7810,0.1033,0.2034,0.1839,0.3033,15.8036,0.7072,7040.0000,12590.0000,15.8036
20260745,full,0.6040,0.8908,0.8907,0.8209,0.8400,0.2112,0.3318,0.2103,0.2881,15.7927,0.6978,6995.0000,12718.0000,15.7927
20260745,no_quality,0.6040,0.8908,0.8915,0.8175,0.8367,0.2034,0.3243,0.2059,0.3567,15.2764,0.7185,6834.0000,10857.0000,15.2764
20260745,no_cross_attn,0.6040,0.8908,0.7228,0.8262,0.7422,0.2341,0.3709,0.3983,0.2881,15.7927,0.6978,6995.0000,12718.0000,15.7927
20260745,no_ensemble,0.6040,0.8908,0.8567,0.7900,0.8028,0.1855,0.2836,0.2168,0.2881,15.7927,0.6978,6995.0000,12718.0000,15.7927
20260745,no_temp,0.6040,0.8908,0.8906,0.8208,0.8399,0.1449,0.2633,0.1723,0.2881,15.7927,0.6978,6995.0000,12718.0000,15.7927
20260745,no_semantic,0.6040,0.8908,0.8907,0.8209,0.8400,0.2112,0.3318,0.2103,0.2881,15.7928,0.6978,6995.0000,12718.0000,15.7928
20260745,no_covinfl,0.6040,0.8908,0.8907,0.8209,0.8400,0.2112,0.3318,0.2103,0.1820,16.6213,0.6603,6895.0000,15235.0000,16.6213
20260745,no_uncertainty,0.6040,0.8908,0.8567,0.7900,0.8028,0.1170,0.2218,0.1819,0.2881,15.7927,0.6978,6995.0000,12718.0000,15.7927
20260746,full,0.6036,0.8954,0.8724,0.8046,0.8183,0.2054,0.3329,0.2097,0.2998,15.8448,0.7051,7072.0000,12652.0000,15.8448
20260746,no_quality,0.6036,0.8954,0.8747,0.8028,0.8164,0.1988,0.3242,0.2057,0.3681,15.4620,0.7261,6947.0000,10968.0000,15.4620
20260746,no_cross_attn,0.6036,0.8954,0.7051,0.8315,0.7317,0.2330,0.3660,0.4081,0.2998,15.8448,0.7051,7072.0000,12652.0000,15.8448
20260746,no_ensemble,0.6036,0.8954,0.8424,0.7932,0.8018,0.1833,0.2835,0.2114,0.2998,15.8448,0.7051,7072.0000,12652.0000,15.8448
20260746,no_temp,0.6036,0.8954,0.8721,0.8045,0.8182,0.1393,0.2643,0.1720,0.2998,15.8448,0.7051,7072.0000,12652.0000,15.8448
20260746,no_semantic,0.6036,0.8954,0.8724,0.8046,0.8183,0.2054,0.3329,0.2097,0.2998,15.8448,0.7051,7072.0000,12652.0000,15.8448
20260746,no_covinfl,0.6036,0.8954,0.8724,0.8046,0.8183,0.2054,0.3329,0.2097,0.1900,16.7088,0.6658,7061.0000,15230.0000,16.7088
20260746,no_uncertainty,0.6036,0.8954,0.8424,0.7932,0.8018,0.1158,0.2197,0.1769,0.2998,15.8448,0.7051,7072.0000,12652.0000,15.8448
20260747,full,0.6133,0.8811,0.8789,0.7988,0.8169,0.2071,0.3341,0.2068,0.3022,15.8243,0.7092,7032.0000,13278.0000,15.8243
20260747,no_quality,0.6133,0.8811,0.8821,0.7983,0.8167,0.2008,0.3242,0.2025,0.3775,15.3918,0.7316,6936.0000,11136.0000,15.3918
20260747,no_cross_attn,0.6133,0.8811,0.6978,0.8196,0.7203,0.2286,0.3790,0.4073,0.3022,15.8243,0.7092,7032.0000,13278.0000,15.8243
20260747,no_ensemble,0.6133,0.8811,0.8442,0.7824,0.7932,0.1850,0.2976,0.2082,0.3022,15.8243,0.7092,7032.0000,13278.0000,15.8243
20260747,no_temp,0.6133,0.8811,0.8786,0.7987,0.8168,0.1409,0.2690,0.1690,0.3022,15.8243,0.7092,7032.0000,13278.0000,15.8243
20260747,no_semantic,0.6133,0.8811,0.8789,0.7988,0.8169,0.2071,0.3341,0.2068,0.3022,15.8243,0.7092,7032.0000,13278.0000,15.8243
20260747,no_covinfl,0.6133,0.8811,0.8789,0.7988,0.8169,0.2071,0.3341,0.2068,0.1917,16.7103,0.6691,6966.0000,15969.0000,16.7103
20260747,no_uncertainty,0.6133,0.8811,0.8442,0.7824,0.7932,0.1176,0.2302,0.1731,0.3022,15.8243,0.7092,7032.0000,13278.0000,15.8243
20260748,full,0.5950,0.8943,0.8737,0.7987,0.8152,0.2024,0.3139,0.2141,0.2921,15.8053,0.6991,7018.0000,12675.0000,15.8053
20260748,no_quality,0.5950,0.8943,0.8773,0.7984,0.8149,0.1965,0.3077,0.2101,0.3608,15.3543,0.7198,6922.0000,10811.0000,15.3543
20260748,no_cross_attn,0.5950,0.8943,0.7187,0.8298,0.7427,0.2418,0.3697,0.4058,0.2921,15.8053,0.6991,7018.0000,12675.0000,15.8053
20260748,no_ensemble,0.5950,0.8943,0.8441,0.7777,0.7871,0.1769,0.2817,0.2172,0.2921,15.8053,0.6991,7018.0000,12675.0000,15.8053
20260748,no_temp,0.5950,0.8943,0.8736,0.7987,0.8151,0.1360,0.2526,0.1769,0.2921,15.8053,0.6991,7018.0000,12675.0000,15.8053
20260748,no_semantic,0.5950,0.8943,0.8737,0.7987,0.8152,0.2024,0.3139,0.2141,0.2921,15.8053,0.6991,7018.0000,12675.0000,15.8053
20260748,no_covinfl,0.5950,0.8943,0.8737,0.7987,0.8152,0.2024,0.3139,0.2141,0.1813,16.7057,0.6591,6960.0000,15376.0000,16.7057
20260748,no_uncertainty,0.5950,0.8943,0.8441,0.7777,0.7871,0.1086,0.2042,0.1838,0.2921,15.8053,0.6991,7018.0000,12675.0000,15.8053
20260749,full,0.5996,0.8885,0.8936,0.8214,0.8408,0.2106,0.3326,0.2084,0.3229,15.7818,0.7101,7261.0000,12426.0000,15.7818
20260749,no_quality,0.5996,0.8885,0.8937,0.8181,0.8375,0.2030,0.3254,0.2040,0.3922,15.2924,0.7315,7177.0000,10459.0000,15.2924
20260749,no_cross_attn,0.5996,0.8885,0.7294,0.8370,0.7495,0.2359,0.3672,0.3960,0.3229,15.7818,0.7101,7261.0000,12426.0000,15.7818
20260749,no_ensemble,0.5996,0.8885,0.8721,0.8125,0.8270,0.1920,0.3058,0.2102,0.3229,15.7818,0.7101,7261.0000,12426.0000,15.7818
20260749,no_temp,0.5996,0.8885,0.8935,0.8213,0.8407,0.1443,0.2665,0.1703,0.3229,15.7818,0.7101,7261.0000,12426.0000,15.7818
20260749,no_semantic,0.5996,0.8885,0.8936,0.8214,0.8408,0.2106,0.3326,0.2084,0.3229,15.7818,0.7101,7261.0000,12426.0000,15.7818
20260749,no_covinfl,0.5996,0.8885,0.8936,0.8214,0.8408,0.2106,0.3326,0.2084,0.2135,16.5568,0.6686,7184.0000,14726.0000,16.5568
20260749,no_uncertainty,0.5996,0.8885,0.8721,0.8125,0.8270,0.1238,0.2363,0.1745,0.3229,15.7818,0.7101,7261.0000,12426.0000,15.7818
20260750,full,0.6019,0.8833,0.8858,0.8153,0.8328,0.2040,0.3247,0.2057,0.3060,15.9993,0.7059,6910.0000,13067.0000,15.9993
20260750,no_quality,0.6019,0.8833,0.8868,0.8139,0.8315,0.1969,0.3148,0.2013,0.3736,15.5391,0.7264,6774.0000,11068.0000,15.5391
20260750,no_cross_attn,0.6019,0.8833,0.7235,0.8406,0.7468,0.2358,0.3632,0.3989,0.3060,15.9993,0.7059,6910.0000,13067.0000,15.9993
20260750,no_ensemble,0.6019,0.8833,0.8451,0.7865,0.7959,0.1787,0.2902,0.2108,0.3060,15.9993,0.7059,6910.0000,13067.0000,15.9993
20260750,no_temp,0.6019,0.8833,0.8856,0.8150,0.8325,0.1380,0.2532,0.1688,0.3060,15.9993,0.7059,6910.0000,13067.0000,15.9993
20260750,no_semantic,0.6019,0.8833,0.8858,0.8153,0.8328,0.2040,0.3247,0.2057,0.3060,15.9993,0.7059,6910.0000,13067.0000,15.9993
20260750,no_covinfl,0.6019,0.8833,0.8858,0.8153,0.8328,0.2040,0.3247,0.2057,0.1946,16.7135,0.6648,6745.0000,15487.0000,16.7135
20260750,no_uncertainty,0.6019,0.8833,0.8451,0.7865,0.7959,0.1113,0.2237,0.1768,0.3060,15.9993,0.7059,6910.0000,13067.0000,15.9993
20260751,full,0.6045,0.8868,0.8677,0.7960,0.8107,0.2014,0.3199,0.2122,0.3011,16.0854,0.7078,7535.0000,13705.0000,16.0854
20260751,no_quality,0.6045,0.8868,0.8713,0.7950,0.8097,0.1952,0.3161,0.2081,0.3691,15.6503,0.7281,7415.0000,11734.0000,15.6503
20260751,no_cross_attn,0.6045,0.8868,0.7244,0.8303,0.7447,0.2414,0.3694,0.4045,0.3011,16.0854,0.7078,7535.0000,13705.0000,16.0854
20260751,no_ensemble,0.6045,0.8868,0.8383,0.7764,0.7837,0.1799,0.2824,0.2171,0.3011,16.0854,0.7078,7535.0000,13705.0000,16.0854
20260751,no_temp,0.6045,0.8868,0.8676,0.7960,0.8106,0.1351,0.2559,0.1749,0.3011,16.0854,0.7078,7535.0000,13705.0000,16.0854
20260751,no_semantic,0.6045,0.8868,0.8677,0.7960,0.8107,0.2014,0.3199,0.2122,0.3011,16.0854,0.7078,7535.0000,13705.0000,16.0854
20260751,no_covinfl,0.6045,0.8868,0.8677,0.7960,0.8107,0.2014,0.3199,0.2122,0.1832,16.9065,0.6656,7522.0000,16480.0000,16.9065
20260751,no_uncertainty,0.6045,0.8868,0.8383,0.7764,0.7837,0.1119,0.2106,0.1829,0.3011,16.0854,0.7078,7535.0000,13705.0000,16.0854
20260752,full,0.5983,0.8917,0.8828,0.8134,0.8281,0.2098,0.3328,0.2124,0.3037,15.8702,0.7045,6891.0000,13079.0000,15.8702
20260752,no_quality,0.5983,0.8917,0.8834,0.8116,0.8262,0.2026,0.3223,0.2080,0.3712,15.3820,0.7251,6759.0000,11012.0000,15.3820
20260752,no_cross_attn,0.5983,0.8917,0.7126,0.8305,0.7351,0.2321,0.3744,0.4091,0.3037,15.8702,0.7045,6891.0000,13079.0000,15.8702
20260752,no_ensemble,0.5983,0.8917,0.8528,0.7966,0.8059,0.1873,0.2891,0.2144,0.3037,15.8702,0.7045,6891.0000,13079.0000,15.8702
20260752,no_temp,0.5983,0.8917,0.8828,0.8135,0.8281,0.1437,0.2639,0.1740,0.3037,15.8702,0.7045,6891.0000,13079.0000,15.8702
20260752,no_semantic,0.5983,0.8917,0.8828,0.8134,0.8281,0.2098,0.3328,0.2124,0.3037,15.8702,0.7045,6891.0000,13079.0000,15.8702
20260752,no_covinfl,0.5983,0.8917,0.8828,0.8134,0.8281,0.2098,0.3328,0.2124,0.2008,16.6714,0.6665,6881.0000,15367.0000,16.6714
20260752,no_uncertainty,0.5983,0.8917,0.8528,0.7966,0.8059,0.1197,0.2152,0.1792,0.3037,15.8702,0.7045,6891.0000,13079.0000,15.8702
20260753,full,0.5934,0.8960,0.8824,0.8075,0.8250,0.2035,0.3238,0.2064,0.2982,15.8516,0.7020,7077.0000,12944.0000,15.8516
20260753,no_quality,0.5934,0.8960,0.8868,0.8077,0.8257,0.1976,0.3150,0.2018,0.3621,15.3860,0.7212,6967.0000,11107.0000,15.3860
20260753,no_cross_attn,0.5934,0.8960,0.7160,0.8230,0.7386,0.2408,0.3778,0.3995,0.2982,15.8516,0.7020,7077.0000,12944.0000,15.8516
20260753,no_ensemble,0.5934,0.8960,0.8523,0.7922,0.8051,0.1809,0.2846,0.2079,0.2982,15.8516,0.7020,7077.0000,12944.0000,15.8516
20260753,no_temp,0.5934,0.8960,0.8822,0.8074,0.8249,0.1375,0.2580,0.1694,0.2982,15.8516,0.7020,7077.0000,12944.0000,15.8516
20260753,no_semantic,0.5934,0.8960,0.8824,0.8075,0.8250,0.2035,0.3238,0.2064,0.2982,15.8516,0.7020,7077.0000,12944.0000,15.8516
20260753,no_covinfl,0.5934,0.8960,0.8824,0.8075,0.8250,0.2035,0.3238,0.2064,0.1955,16.6373,0.6640,6915.0000,15384.0000,16.6373
20260753,no_uncertainty,0.5934,0.8960,0.8523,0.7922,0.8051,0.1134,0.2144,0.1744,0.2982,15.8516,0.7020,7077.0000,12944.0000,15.8516
20260754,full,0.6145,0.8837,0.8811,0.8201,0.8343,0.2106,0.3282,0.2073,0.3153,15.4424,0.7130,7134.0000,12922.0000,15.4424
20260754,no_quality,0.6145,0.8837,0.8819,0.8168,0.8311,0.2032,0.3165,0.2032,0.3911,14.9878,0.7360,7008.0000,10828.0000,14.9878
20260754,no_cross_attn,0.6145,0.8837,0.6923,0.8218,0.7170,0.2249,0.3512,0.4105,0.3153,15.4424,0.7130,7134.0000,12922.0000,15.4424
20260754,no_ensemble,0.6145,0.8837,0.8484,0.8001,0.8069,0.1871,0.2951,0.2088,0.3153,15.4424,0.7130,7134.0000,12922.0000,15.4424
20260754,no_temp,0.6145,0.8837,0.8810,0.8201,0.8343,0.1454,0.2593,0.1697,0.3153,15.4424,0.7130,7134.0000,12922.0000,15.4424
20260754,no_semantic,0.6145,0.8837,0.8811,0.8201,0.8343,0.2106,0.3282,0.2073,0.3153,15.4424,0.7130,7134.0000,12922.0000,15.4424
20260754,no_covinfl,0.6145,0.8837,0.8811,0.8201,0.8343,0.2106,0.3282,0.2073,0.2024,16.2449,0.6722,7069.0000,15524.0000,16.2449
20260754,no_uncertainty,0.6145,0.8837,0.8484,0.8001,0.8069,0.1199,0.2248,0.1737,0.3153,15.4424,0.7130,7134.0000,12922.0000,15.4424
20260755,full,0.6009,0.8877,0.8723,0.8012,0.8182,0.2053,0.3217,0.2127,0.3134,16.0804,0.7093,7331.0000,12521.0000,16.0804
20260755,no_quality,0.6009,0.8877,0.8772,0.8011,0.8184,0.1995,0.3136,0.2085,0.3789,15.6618,0.7292,7255.0000,10733.0000,15.6618
20260755,no_cross_attn,0.6009,0.8877,0.7139,0.8227,0.7336,0.2326,0.3600,0.4036,0.3134,16.0804,0.7093,7331.0000,12521.0000,16.0804
20260755,no_ensemble,0.6009,0.8877,0.8312,0.7763,0.7857,0.1810,0.2855,0.2168,0.3134,16.0804,0.7093,7331.0000,12521.0000,16.0804
20260755,no_temp,0.6009,0.8877,0.8721,0.8011,0.8182,0.1398,0.2574,0.1757,0.3134,16.0804,0.7093,7331.0000,12521.0000,16.0804
20260755,no_semantic,0.6009,0.8877,0.8723,0.8012,0.8182,0.2053,0.3217,0.2127,0.3134,16.0804,0.7093,7331.0000,12521.0000,16.0804
20260755,no_covinfl,0.6009,0.8877,0.8723,0.8012,0.8182,0.2053,0.3217,0.2127,0.2081,16.8799,0.6693,7200.0000,14731.0000,16.8799
20260755,no_uncertainty,0.6009,0.8877,0.8312,0.7763,0.7857,0.1135,0.2208,0.1828,0.3134,16.0804,0.7093,7331.0000,12521.0000,16.0804
20260756,full,0.6087,0.8894,0.8783,0.8111,0.8276,0.2156,0.3456,0.2103,0.2949,16.0877,0.7057,7058.0000,13301.0000,16.0877
20260756,no_quality,0.6087,0.8894,0.8811,0.8107,0.8276,0.2090,0.3372,0.2055,0.3639,15.6032,0.7265,6882.0000,11325.0000,15.6032
20260756,no_cross_attn,0.6087,0.8894,0.7054,0.8194,0.7231,0.2263,0.3609,0.4074,0.2949,16.0877,0.7057,7058.0000,13301.0000,16.0877
20260756,no_ensemble,0.6087,0.8894,0.8535,0.8031,0.8137,0.1968,0.3087,0.2105,0.2949,16.0877,0.7057,7058.0000,13301.0000,16.0877
20260756,no_temp,0.6087,0.8894,0.8780,0.8110,0.8274,0.1491,0.2800,0.1707,0.2949,16.0877,0.7057,7058.0000,13301.0000,16.0877
20260756,no_semantic,0.6087,0.8894,0.8783,0.8111,0.8276,0.2156,0.3456,0.2103,0.2949,16.0877,0.7057,7058.0000,13301.0000,16.0877
20260756,no_covinfl,0.6087,0.8894,0.8783,0.8111,0.8276,0.2156,0.3456,0.2103,0.1859,16.9095,0.6665,7013.0000,15841.0000,16.9095
20260756,no_uncertainty,0.6087,0.8894,0.8535,0.8031,0.8137,0.1288,0.2424,0.1732,0.2949,16.0877,0.7057,7058.0000,13301.0000,16.0877
20260757,full,0.6029,0.8847,0.8791,0.8148,0.8320,0.2193,0.3556,0.2065,0.2954,16.0199,0.7039,7135.0000,12896.0000,16.0199
20260757,no_quality,0.6029,0.8847,0.8820,0.8141,0.8318,0.2128,0.3479,0.2016,0.3600,15.5554,0.7236,6957.0000,11224.0000,15.5554
20260757,no_cross_attn,0.6029,0.8847,0.7000,0.8217,0.7173,0.2251,0.3625,0.4094,0.2954,16.0199,0.7039,7135.0000,12896.0000,16.0199
20260757,no_ensemble,0.6029,0.8847,0.8314,0.7866,0.7957,0.1921,0.3041,0.2108,0.2954,16.0199,0.7039,7135.0000,12896.0000,16.0199
20260757,no_temp,0.6029,0.8847,0.8789,0.8146,0.8318,0.1524,0.2831,0.1663,0.2954,16.0199,0.7039,7135.0000,12896.0000,16.0199
20260757,no_semantic,0.6029,0.8847,0.8791,0.8148,0.8320,0.2193,0.3556,0.2065,0.2954,16.0199,0.7039,7135.0000,12896.0000,16.0199
20260757,no_covinfl,0.6029,0.8847,0.8791,0.8148,0.8320,0.2193,0.3556,0.2065,0.1858,16.7978,0.6646,7011.0000,15491.0000,16.7978
20260757,no_uncertainty,0.6029,0.8847,0.8314,0.7866,0.7957,0.1237,0.2413,0.1740,0.2954,16.0199,0.7039,7135.0000,12896.0000,16.0199
20260758,full,0.6064,0.8821,0.8708,0.8071,0.8211,0.2105,0.3304,0.2152,0.3040,16.0835,0.7084,7455.0000,13279.0000,16.0835
20260758,no_quality,0.6064,0.8821,0.8727,0.8052,0.8195,0.2040,0.3220,0.2109,0.3673,15.6656,0.7275,7365.0000,11542.0000,15.6656
20260758,no_cross_attn,0.6064,0.8821,0.6916,0.8166,0.7147,0.2224,0.3548,0.4159,0.3040,16.0835,0.7084,7455.0000,13279.0000,16.0835
20260758,no_ensemble,0.6064,0.8821,0.8168,0.7748,0.7797,0.1816,0.2916,0.2213,0.3040,16.0835,0.7084,7455.0000,13279.0000,16.0835
20260758,no_temp,0.6064,0.8821,0.8707,0.8072,0.8213,0.1445,0.2591,0.1771,0.3040,16.0835,0.7084,7455.0000,13279.0000,16.0835
20260758,no_semantic,0.6064,0.8821,0.8708,0.8071,0.8211,0.2105,0.3304,0.2152,0.3040,16.0835,0.7084,7455.0000,13279.0000,16.0835
20260758,no_covinfl,0.6064,0.8821,0.8708,0.8071,0.8211,0.2105,0.3304,0.2152,0.1904,16.9919,0.6674,7438.0000,16141.0000,16.9919
20260758,no_uncertainty,0.6064,0.8821,0.8168,0.7748,0.7797,0.1138,0.2153,0.1868,0.3040,16.0835,0.7084,7455.0000,13279.0000,16.0835
20260759,full,0.5889,0.9068,0.8809,0.8154,0.8296,0.2072,0.3218,0.2203,0.3077,16.0655,0.7048,7634.0000,12682.0000,16.0655
20260759,no_quality,0.5889,0.9068,0.8825,0.8138,0.8279,0.2005,0.3153,0.2161,0.3711,15.6243,0.7241,7468.0000,10915.0000,15.6243
20260759,no_cross_attn,0.5889,0.9068,0.7306,0.8382,0.7543,0.2435,0.3704,0.4063,0.3077,16.0655,0.7048,7634.0000,12682.0000,16.0655
20260759,no_ensemble,0.5889,0.9068,0.8488,0.7926,0.7989,0.1844,0.2802,0.2250,0.3077,16.0655,0.7048,7634.0000,12682.0000,16.0655
20260759,no_temp,0.5889,0.9068,0.8807,0.8153,0.8294,0.1417,0.2525,0.1828,0.3077,16.0655,0.7048,7634.0000,12682.0000,16.0655
20260759,no_semantic,0.5889,0.9068,0.8809,0.8154,0.8296,0.2072,0.3218,0.2203,0.3077,16.0655,0.7048,7634.0000,12682.0000,16.0655
20260759,no_covinfl,0.5889,0.9068,0.8809,0.8154,0.8296,0.2072,0.3218,0.2203,0.1966,16.9115,0.6630,7326.0000,15056.0000,16.9115
20260759,no_uncertainty,0.5889,0.9068,0.8488,0.7926,0.7989,0.1170,0.2067,0.1905,0.3077,16.0655,0.7048,7634.0000,12682.0000,16.0655
